ISO-10303-21;
HEADER;
/* Generated by software containing ST-Developer
 * from STEP Tools, Inc. (www.steptools.com) 
 */

FILE_DESCRIPTION(
/* description */ (''),
/* implementation_level */ '2;1');

FILE_NAME(
/* name */ 'top_macropad.step',
/* time_stamp */ '2026-08-12T22:09:56-05:00',
/* author */ (''),
/* organization */ (''),
/* preprocessor_version */ 'ST-DEVELOPER v20.1',
/* originating_system */ 'Autodesk Translation Framework v15.8.0.0',
/* authorisation */ '');

FILE_SCHEMA (('AUTOMOTIVE_DESIGN { 1 0 10303 214 3 1 1 }'));
ENDSEC;

DATA;
#10=MECHANICAL_DESIGN_GEOMETRIC_PRESENTATION_REPRESENTATION('',(#13),#3937);
#11=SHAPE_REPRESENTATION_RELATIONSHIP('SRR','None',#3943,#12);
#12=ADVANCED_BREP_SHAPE_REPRESENTATION('',(#14),#3936);
#13=STYLED_ITEM('',(#3952),#14);
#14=MANIFOLD_SOLID_BREP('Body13',#2333);
#15=(
BOUNDED_SURFACE()
B_SPLINE_SURFACE(2,2,((#3517,#3518,#3519),(#3520,#3521,#3522),(#3523,#3524,
#3525)),.UNSPECIFIED.,.F.,.F.,.F.)
B_SPLINE_SURFACE_WITH_KNOTS((3,3),(3,3),(-1.5707963267949,0.),(-3.14159265358979,
-1.5707963267949),.UNSPECIFIED.)
GEOMETRIC_REPRESENTATION_ITEM()
RATIONAL_B_SPLINE_SURFACE(((1.,0.707106781186548,1.),(0.707106781186546,
0.499999999999999,0.707106781186546),(1.,0.707106781186548,1.)))
REPRESENTATION_ITEM('')
SURFACE()
);
#16=(
BOUNDED_SURFACE()
B_SPLINE_SURFACE(2,2,((#3535,#3536,#3537),(#3538,#3539,#3540),(#3541,#3542,
#3543)),.UNSPECIFIED.,.F.,.F.,.F.)
B_SPLINE_SURFACE_WITH_KNOTS((3,3),(3,3),(-1.5707963267949,0.),(-1.5707963267949,
8.21909179222764E-18),.UNSPECIFIED.)
GEOMETRIC_REPRESENTATION_ITEM()
RATIONAL_B_SPLINE_SURFACE(((1.,0.707106781186547,1.),(0.707106781186541,
0.499999999999996,0.707106781186541),(1.,0.707106781186547,1.)))
REPRESENTATION_ITEM('')
SURFACE()
);
#17=(
BOUNDED_SURFACE()
B_SPLINE_SURFACE(2,2,((#3551,#3552,#3553),(#3554,#3555,#3556),(#3557,#3558,
#3559)),.UNSPECIFIED.,.F.,.F.,.F.)
B_SPLINE_SURFACE_WITH_KNOTS((3,3),(3,3),(-1.5707963267949,0.),(0.,1.5707963267949),
 .UNSPECIFIED.)
GEOMETRIC_REPRESENTATION_ITEM()
RATIONAL_B_SPLINE_SURFACE(((1.,0.707106781186548,1.),(0.70710678118654,
0.499999999999995,0.70710678118654),(1.,0.707106781186548,1.)))
REPRESENTATION_ITEM('')
SURFACE()
);
#18=(
BOUNDED_SURFACE()
B_SPLINE_SURFACE(2,2,((#3567,#3568,#3569),(#3570,#3571,#3572),(#3573,#3574,
#3575)),.UNSPECIFIED.,.F.,.F.,.F.)
B_SPLINE_SURFACE_WITH_KNOTS((3,3),(3,3),(-1.5707963267949,0.),(1.5707963267949,
3.14159265358979),.UNSPECIFIED.)
GEOMETRIC_REPRESENTATION_ITEM()
RATIONAL_B_SPLINE_SURFACE(((1.,0.707106781186548,1.),(0.707106781186546,
0.499999999999999,0.707106781186546),(1.,0.707106781186548,1.)))
REPRESENTATION_ITEM('')
SURFACE()
);
#19=CYLINDRICAL_SURFACE('',#2400,1.7);
#20=CYLINDRICAL_SURFACE('',#2402,1.7);
#21=CYLINDRICAL_SURFACE('',#2404,1.7);
#22=CYLINDRICAL_SURFACE('',#2406,1.7);
#23=CYLINDRICAL_SURFACE('',#2411,1.);
#24=CYLINDRICAL_SURFACE('',#2415,1.);
#25=CYLINDRICAL_SURFACE('',#2419,1.);
#26=CYLINDRICAL_SURFACE('',#2423,1.);
#27=CYLINDRICAL_SURFACE('',#2425,2.);
#28=CYLINDRICAL_SURFACE('',#2428,2.);
#29=CYLINDRICAL_SURFACE('',#2430,2.);
#30=CYLINDRICAL_SURFACE('',#2433,2.);
#31=CYLINDRICAL_SURFACE('',#2478,0.499999999999998);
#32=CYLINDRICAL_SURFACE('',#2480,0.499999999999998);
#33=CYLINDRICAL_SURFACE('',#2482,0.499999999999998);
#34=CYLINDRICAL_SURFACE('',#2484,0.499999999999998);
#35=CYLINDRICAL_SURFACE('',#2485,0.499999999999998);
#36=CYLINDRICAL_SURFACE('',#2487,0.499999999999998);
#37=CYLINDRICAL_SURFACE('',#2489,0.499999999999998);
#38=CYLINDRICAL_SURFACE('',#2491,0.499999999999998);
#39=CYLINDRICAL_SURFACE('',#2494,0.499999999999998);
#40=CYLINDRICAL_SURFACE('',#2496,0.5);
#41=CYLINDRICAL_SURFACE('',#2498,0.5);
#42=CYLINDRICAL_SURFACE('',#2500,0.499999999999998);
#43=CYLINDRICAL_SURFACE('',#2502,0.499999999999998);
#44=CYLINDRICAL_SURFACE('',#2504,0.5);
#45=CYLINDRICAL_SURFACE('',#2506,0.5);
#46=CYLINDRICAL_SURFACE('',#2508,0.499999999999998);
#47=CYLINDRICAL_SURFACE('',#2510,0.499999999999998);
#48=CYLINDRICAL_SURFACE('',#2512,0.499999999999998);
#49=CYLINDRICAL_SURFACE('',#2514,0.499999999999998);
#50=CYLINDRICAL_SURFACE('',#2516,0.499999999999998);
#51=CYLINDRICAL_SURFACE('',#2518,0.499999999999998);
#52=CYLINDRICAL_SURFACE('',#2520,0.499999999999998);
#53=CYLINDRICAL_SURFACE('',#2522,0.499999999999998);
#54=CYLINDRICAL_SURFACE('',#2524,0.499999999999998);
#55=CYLINDRICAL_SURFACE('',#2526,0.499999999999998);
#56=CYLINDRICAL_SURFACE('',#2528,0.499999999999998);
#57=CYLINDRICAL_SURFACE('',#2530,0.499999999999998);
#58=CYLINDRICAL_SURFACE('',#2532,0.499999999999998);
#59=CYLINDRICAL_SURFACE('',#2533,0.499999999999998);
#60=CYLINDRICAL_SURFACE('',#2535,0.499999999999998);
#61=CYLINDRICAL_SURFACE('',#2537,0.499999999999998);
#62=CYLINDRICAL_SURFACE('',#2539,0.499999999999998);
#63=CYLINDRICAL_SURFACE('',#2542,0.499999999999998);
#64=CYLINDRICAL_SURFACE('',#2544,0.5);
#65=CYLINDRICAL_SURFACE('',#2546,0.5);
#66=CYLINDRICAL_SURFACE('',#2548,0.499999999999998);
#67=CYLINDRICAL_SURFACE('',#2550,0.5);
#68=CYLINDRICAL_SURFACE('',#2552,0.5);
#69=CYLINDRICAL_SURFACE('',#2554,0.5);
#70=CYLINDRICAL_SURFACE('',#2556,0.5);
#71=FACE_BOUND('',#332,.T.);
#72=FACE_BOUND('',#333,.T.);
#73=FACE_BOUND('',#334,.T.);
#74=FACE_BOUND('',#335,.T.);
#75=FACE_BOUND('',#336,.T.);
#76=FACE_BOUND('',#337,.T.);
#77=FACE_BOUND('',#338,.T.);
#78=FACE_BOUND('',#339,.T.);
#79=FACE_BOUND('',#340,.T.);
#80=FACE_BOUND('',#341,.T.);
#81=FACE_BOUND('',#350,.T.);
#82=FACE_BOUND('',#357,.T.);
#83=FACE_BOUND('',#358,.T.);
#84=FACE_BOUND('',#359,.T.);
#85=FACE_BOUND('',#360,.T.);
#86=FACE_BOUND('',#361,.T.);
#87=FACE_BOUND('',#362,.T.);
#88=FACE_BOUND('',#384,.T.);
#89=FACE_BOUND('',#385,.T.);
#90=FACE_BOUND('',#386,.T.);
#91=FACE_BOUND('',#387,.T.);
#92=FACE_BOUND('',#388,.T.);
#93=FACE_BOUND('',#389,.T.);
#94=FACE_BOUND('',#390,.T.);
#95=FACE_BOUND('',#391,.T.);
#96=FACE_BOUND('',#392,.T.);
#97=FACE_BOUND('',#393,.T.);
#98=FACE_BOUND('',#394,.T.);
#99=FACE_BOUND('',#395,.T.);
#100=FACE_BOUND('',#396,.T.);
#101=FACE_BOUND('',#397,.T.);
#102=FACE_BOUND('',#398,.T.);
#103=CIRCLE('',#2338,0.499999999999998);
#104=CIRCLE('',#2339,0.499999999999998);
#105=CIRCLE('',#2340,0.499999999999998);
#106=CIRCLE('',#2341,0.499999999999998);
#107=CIRCLE('',#2342,0.5);
#108=CIRCLE('',#2343,0.5);
#109=CIRCLE('',#2344,0.5);
#110=CIRCLE('',#2345,0.5);
#111=CIRCLE('',#2346,0.499999999999998);
#112=CIRCLE('',#2347,0.5);
#113=CIRCLE('',#2348,0.499999999999998);
#114=CIRCLE('',#2349,0.5);
#115=CIRCLE('',#2350,0.499999999999998);
#116=CIRCLE('',#2351,0.499999999999998);
#117=CIRCLE('',#2352,0.499999999999998);
#118=CIRCLE('',#2353,0.499999999999998);
#119=CIRCLE('',#2354,0.499999999999998);
#120=CIRCLE('',#2355,0.499999999999998);
#121=CIRCLE('',#2356,0.499999999999998);
#122=CIRCLE('',#2357,0.499999999999998);
#123=CIRCLE('',#2358,0.499999999999998);
#124=CIRCLE('',#2359,0.499999999999998);
#125=CIRCLE('',#2360,0.499999999999998);
#126=CIRCLE('',#2361,0.499999999999998);
#127=CIRCLE('',#2362,0.499999999999998);
#128=CIRCLE('',#2363,0.499999999999998);
#129=CIRCLE('',#2364,0.499999999999998);
#130=CIRCLE('',#2365,0.499999999999998);
#131=CIRCLE('',#2366,0.499999999999998);
#132=CIRCLE('',#2367,0.5);
#133=CIRCLE('',#2368,0.499999999999998);
#134=CIRCLE('',#2369,0.5);
#135=CIRCLE('',#2370,0.499999999999998);
#136=CIRCLE('',#2371,0.5);
#137=CIRCLE('',#2372,0.499999999999998);
#138=CIRCLE('',#2373,0.5);
#139=CIRCLE('',#2374,0.499999999999998);
#140=CIRCLE('',#2375,0.499999999999998);
#141=CIRCLE('',#2376,0.499999999999998);
#142=CIRCLE('',#2377,0.499999999999998);
#143=CIRCLE('',#2392,1.);
#144=CIRCLE('',#2393,1.);
#145=CIRCLE('',#2394,1.);
#146=CIRCLE('',#2395,1.);
#147=CIRCLE('',#2396,1.7);
#148=CIRCLE('',#2397,1.7);
#149=CIRCLE('',#2398,1.7);
#150=CIRCLE('',#2399,1.7);
#151=CIRCLE('',#2401,1.7);
#152=CIRCLE('',#2403,1.7);
#153=CIRCLE('',#2405,1.7);
#154=CIRCLE('',#2407,1.7);
#155=CIRCLE('',#2408,1.00000000000001);
#156=CIRCLE('',#2409,1.);
#157=CIRCLE('',#2410,2.);
#158=CIRCLE('',#2412,1.);
#159=CIRCLE('',#2413,1.);
#160=CIRCLE('',#2414,2.);
#161=CIRCLE('',#2416,1.);
#162=CIRCLE('',#2417,1.);
#163=CIRCLE('',#2418,2.);
#164=CIRCLE('',#2420,1.);
#165=CIRCLE('',#2421,1.);
#166=CIRCLE('',#2422,2.);
#167=CIRCLE('',#2426,2.);
#168=CIRCLE('',#2429,2.);
#169=CIRCLE('',#2431,2.);
#170=CIRCLE('',#2434,2.);
#171=CIRCLE('',#2437,0.499999999999998);
#172=CIRCLE('',#2438,0.499999999999998);
#173=CIRCLE('',#2439,0.499999999999998);
#174=CIRCLE('',#2440,0.499999999999998);
#175=CIRCLE('',#2441,0.5);
#176=CIRCLE('',#2442,0.499999999999998);
#177=CIRCLE('',#2443,0.5);
#178=CIRCLE('',#2444,0.499999999999998);
#179=CIRCLE('',#2445,0.499999999999998);
#180=CIRCLE('',#2446,0.499999999999998);
#181=CIRCLE('',#2447,0.499999999999998);
#182=CIRCLE('',#2448,0.499999999999998);
#183=CIRCLE('',#2449,0.5);
#184=CIRCLE('',#2450,0.5);
#185=CIRCLE('',#2451,0.5);
#186=CIRCLE('',#2452,0.5);
#187=CIRCLE('',#2453,0.5);
#188=CIRCLE('',#2454,0.499999999999998);
#189=CIRCLE('',#2455,0.5);
#190=CIRCLE('',#2456,0.499999999999998);
#191=CIRCLE('',#2457,0.499999999999998);
#192=CIRCLE('',#2458,0.499999999999998);
#193=CIRCLE('',#2459,0.499999999999998);
#194=CIRCLE('',#2460,0.499999999999998);
#195=CIRCLE('',#2461,0.499999999999998);
#196=CIRCLE('',#2462,0.499999999999998);
#197=CIRCLE('',#2463,0.499999999999998);
#198=CIRCLE('',#2464,0.499999999999998);
#199=CIRCLE('',#2465,0.499999999999998);
#200=CIRCLE('',#2466,0.499999999999998);
#201=CIRCLE('',#2467,0.499999999999998);
#202=CIRCLE('',#2468,0.499999999999998);
#203=CIRCLE('',#2469,0.5);
#204=CIRCLE('',#2470,0.499999999999998);
#205=CIRCLE('',#2471,0.5);
#206=CIRCLE('',#2472,0.499999999999998);
#207=CIRCLE('',#2473,0.499999999999998);
#208=CIRCLE('',#2474,0.499999999999998);
#209=CIRCLE('',#2475,0.499999999999998);
#210=CIRCLE('',#2476,0.499999999999998);
#211=FACE_OUTER_BOUND('',#329,.T.);
#212=FACE_OUTER_BOUND('',#330,.T.);
#213=FACE_OUTER_BOUND('',#331,.T.);
#214=FACE_OUTER_BOUND('',#342,.T.);
#215=FACE_OUTER_BOUND('',#343,.T.);
#216=FACE_OUTER_BOUND('',#344,.T.);
#217=FACE_OUTER_BOUND('',#345,.T.);
#218=FACE_OUTER_BOUND('',#346,.T.);
#219=FACE_OUTER_BOUND('',#347,.T.);
#220=FACE_OUTER_BOUND('',#348,.T.);
#221=FACE_OUTER_BOUND('',#349,.T.);
#222=FACE_OUTER_BOUND('',#351,.T.);
#223=FACE_OUTER_BOUND('',#352,.T.);
#224=FACE_OUTER_BOUND('',#353,.T.);
#225=FACE_OUTER_BOUND('',#354,.T.);
#226=FACE_OUTER_BOUND('',#355,.T.);
#227=FACE_OUTER_BOUND('',#356,.T.);
#228=FACE_OUTER_BOUND('',#363,.T.);
#229=FACE_OUTER_BOUND('',#364,.T.);
#230=FACE_OUTER_BOUND('',#365,.T.);
#231=FACE_OUTER_BOUND('',#366,.T.);
#232=FACE_OUTER_BOUND('',#367,.T.);
#233=FACE_OUTER_BOUND('',#368,.T.);
#234=FACE_OUTER_BOUND('',#369,.T.);
#235=FACE_OUTER_BOUND('',#370,.T.);
#236=FACE_OUTER_BOUND('',#371,.T.);
#237=FACE_OUTER_BOUND('',#372,.T.);
#238=FACE_OUTER_BOUND('',#373,.T.);
#239=FACE_OUTER_BOUND('',#374,.T.);
#240=FACE_OUTER_BOUND('',#375,.T.);
#241=FACE_OUTER_BOUND('',#376,.T.);
#242=FACE_OUTER_BOUND('',#377,.T.);
#243=FACE_OUTER_BOUND('',#378,.T.);
#244=FACE_OUTER_BOUND('',#379,.T.);
#245=FACE_OUTER_BOUND('',#380,.T.);
#246=FACE_OUTER_BOUND('',#381,.T.);
#247=FACE_OUTER_BOUND('',#382,.T.);
#248=FACE_OUTER_BOUND('',#383,.T.);
#249=FACE_OUTER_BOUND('',#399,.T.);
#250=FACE_OUTER_BOUND('',#400,.T.);
#251=FACE_OUTER_BOUND('',#401,.T.);
#252=FACE_OUTER_BOUND('',#402,.T.);
#253=FACE_OUTER_BOUND('',#403,.T.);
#254=FACE_OUTER_BOUND('',#404,.T.);
#255=FACE_OUTER_BOUND('',#405,.T.);
#256=FACE_OUTER_BOUND('',#406,.T.);
#257=FACE_OUTER_BOUND('',#407,.T.);
#258=FACE_OUTER_BOUND('',#408,.T.);
#259=FACE_OUTER_BOUND('',#409,.T.);
#260=FACE_OUTER_BOUND('',#410,.T.);
#261=FACE_OUTER_BOUND('',#411,.T.);
#262=FACE_OUTER_BOUND('',#412,.T.);
#263=FACE_OUTER_BOUND('',#413,.T.);
#264=FACE_OUTER_BOUND('',#414,.T.);
#265=FACE_OUTER_BOUND('',#415,.T.);
#266=FACE_OUTER_BOUND('',#416,.T.);
#267=FACE_OUTER_BOUND('',#417,.T.);
#268=FACE_OUTER_BOUND('',#418,.T.);
#269=FACE_OUTER_BOUND('',#419,.T.);
#270=FACE_OUTER_BOUND('',#420,.T.);
#271=FACE_OUTER_BOUND('',#421,.T.);
#272=FACE_OUTER_BOUND('',#422,.T.);
#273=FACE_OUTER_BOUND('',#423,.T.);
#274=FACE_OUTER_BOUND('',#424,.T.);
#275=FACE_OUTER_BOUND('',#425,.T.);
#276=FACE_OUTER_BOUND('',#426,.T.);
#277=FACE_OUTER_BOUND('',#427,.T.);
#278=FACE_OUTER_BOUND('',#428,.T.);
#279=FACE_OUTER_BOUND('',#429,.T.);
#280=FACE_OUTER_BOUND('',#430,.T.);
#281=FACE_OUTER_BOUND('',#431,.T.);
#282=FACE_OUTER_BOUND('',#432,.T.);
#283=FACE_OUTER_BOUND('',#433,.T.);
#284=FACE_OUTER_BOUND('',#434,.T.);
#285=FACE_OUTER_BOUND('',#435,.T.);
#286=FACE_OUTER_BOUND('',#436,.T.);
#287=FACE_OUTER_BOUND('',#437,.T.);
#288=FACE_OUTER_BOUND('',#438,.T.);
#289=FACE_OUTER_BOUND('',#439,.T.);
#290=FACE_OUTER_BOUND('',#440,.T.);
#291=FACE_OUTER_BOUND('',#441,.T.);
#292=FACE_OUTER_BOUND('',#442,.T.);
#293=FACE_OUTER_BOUND('',#443,.T.);
#294=FACE_OUTER_BOUND('',#444,.T.);
#295=FACE_OUTER_BOUND('',#445,.T.);
#296=FACE_OUTER_BOUND('',#446,.T.);
#297=FACE_OUTER_BOUND('',#447,.T.);
#298=FACE_OUTER_BOUND('',#448,.T.);
#299=FACE_OUTER_BOUND('',#449,.T.);
#300=FACE_OUTER_BOUND('',#450,.T.);
#301=FACE_OUTER_BOUND('',#451,.T.);
#302=FACE_OUTER_BOUND('',#452,.T.);
#303=FACE_OUTER_BOUND('',#453,.T.);
#304=FACE_OUTER_BOUND('',#454,.T.);
#305=FACE_OUTER_BOUND('',#455,.T.);
#306=FACE_OUTER_BOUND('',#456,.T.);
#307=FACE_OUTER_BOUND('',#457,.T.);
#308=FACE_OUTER_BOUND('',#458,.T.);
#309=FACE_OUTER_BOUND('',#459,.T.);
#310=FACE_OUTER_BOUND('',#460,.T.);
#311=FACE_OUTER_BOUND('',#461,.T.);
#312=FACE_OUTER_BOUND('',#462,.T.);
#313=FACE_OUTER_BOUND('',#463,.T.);
#314=FACE_OUTER_BOUND('',#464,.T.);
#315=FACE_OUTER_BOUND('',#465,.T.);
#316=FACE_OUTER_BOUND('',#466,.T.);
#317=FACE_OUTER_BOUND('',#467,.T.);
#318=FACE_OUTER_BOUND('',#468,.T.);
#319=FACE_OUTER_BOUND('',#469,.T.);
#320=FACE_OUTER_BOUND('',#470,.T.);
#321=FACE_OUTER_BOUND('',#471,.T.);
#322=FACE_OUTER_BOUND('',#472,.T.);
#323=FACE_OUTER_BOUND('',#473,.T.);
#324=FACE_OUTER_BOUND('',#474,.T.);
#325=FACE_OUTER_BOUND('',#475,.T.);
#326=FACE_OUTER_BOUND('',#476,.T.);
#327=FACE_OUTER_BOUND('',#477,.T.);
#328=FACE_OUTER_BOUND('',#478,.T.);
#329=EDGE_LOOP('',(#1485,#1486,#1487,#1488));
#330=EDGE_LOOP('',(#1489,#1490,#1491,#1492));
#331=EDGE_LOOP('',(#1493,#1494,#1495,#1496,#1497,#1498));
#332=EDGE_LOOP('',(#1499,#1500,#1501,#1502,#1503,#1504,#1505,#1506));
#333=EDGE_LOOP('',(#1507,#1508,#1509,#1510,#1511,#1512,#1513,#1514));
#334=EDGE_LOOP('',(#1515,#1516,#1517,#1518,#1519,#1520,#1521,#1522));
#335=EDGE_LOOP('',(#1523,#1524,#1525,#1526,#1527,#1528,#1529,#1530));
#336=EDGE_LOOP('',(#1531,#1532,#1533,#1534,#1535,#1536,#1537,#1538));
#337=EDGE_LOOP('',(#1539,#1540,#1541,#1542,#1543,#1544,#1545,#1546));
#338=EDGE_LOOP('',(#1547,#1548,#1549,#1550,#1551,#1552,#1553,#1554));
#339=EDGE_LOOP('',(#1555,#1556,#1557,#1558,#1559,#1560,#1561,#1562));
#340=EDGE_LOOP('',(#1563,#1564,#1565,#1566,#1567,#1568,#1569,#1570));
#341=EDGE_LOOP('',(#1571,#1572,#1573,#1574,#1575,#1576,#1577,#1578));
#342=EDGE_LOOP('',(#1579,#1580,#1581,#1582));
#343=EDGE_LOOP('',(#1583,#1584,#1585,#1586));
#344=EDGE_LOOP('',(#1587,#1588,#1589,#1590));
#345=EDGE_LOOP('',(#1591,#1592,#1593,#1594));
#346=EDGE_LOOP('',(#1595,#1596,#1597,#1598));
#347=EDGE_LOOP('',(#1599,#1600,#1601,#1602));
#348=EDGE_LOOP('',(#1603,#1604,#1605,#1606));
#349=EDGE_LOOP('',(#1607,#1608,#1609,#1610));
#350=EDGE_LOOP('',(#1611,#1612,#1613,#1614));
#351=EDGE_LOOP('',(#1615,#1616,#1617,#1618));
#352=EDGE_LOOP('',(#1619,#1620,#1621,#1622));
#353=EDGE_LOOP('',(#1623,#1624,#1625,#1626));
#354=EDGE_LOOP('',(#1627,#1628,#1629,#1630));
#355=EDGE_LOOP('',(#1631,#1632,#1633,#1634));
#356=EDGE_LOOP('',(#1635,#1636,#1637,#1638,#1639,#1640,#1641,#1642));
#357=EDGE_LOOP('',(#1643,#1644,#1645,#1646,#1647,#1648));
#358=EDGE_LOOP('',(#1649,#1650,#1651,#1652));
#359=EDGE_LOOP('',(#1653));
#360=EDGE_LOOP('',(#1654));
#361=EDGE_LOOP('',(#1655));
#362=EDGE_LOOP('',(#1656));
#363=EDGE_LOOP('',(#1657,#1658,#1659,#1660));
#364=EDGE_LOOP('',(#1661,#1662,#1663,#1664));
#365=EDGE_LOOP('',(#1665,#1666,#1667,#1668));
#366=EDGE_LOOP('',(#1669,#1670,#1671,#1672));
#367=EDGE_LOOP('',(#1673,#1674,#1675,#1676));
#368=EDGE_LOOP('',(#1677,#1678,#1679,#1680));
#369=EDGE_LOOP('',(#1681,#1682,#1683,#1684));
#370=EDGE_LOOP('',(#1685,#1686,#1687,#1688));
#371=EDGE_LOOP('',(#1689,#1690,#1691,#1692));
#372=EDGE_LOOP('',(#1693,#1694,#1695,#1696));
#373=EDGE_LOOP('',(#1697,#1698,#1699,#1700));
#374=EDGE_LOOP('',(#1701,#1702,#1703,#1704));
#375=EDGE_LOOP('',(#1705,#1706,#1707,#1708));
#376=EDGE_LOOP('',(#1709,#1710,#1711,#1712));
#377=EDGE_LOOP('',(#1713,#1714,#1715,#1716));
#378=EDGE_LOOP('',(#1717,#1718,#1719,#1720));
#379=EDGE_LOOP('',(#1721,#1722,#1723,#1724));
#380=EDGE_LOOP('',(#1725,#1726,#1727,#1728));
#381=EDGE_LOOP('',(#1729,#1730,#1731,#1732));
#382=EDGE_LOOP('',(#1733,#1734,#1735,#1736));
#383=EDGE_LOOP('',(#1737,#1738,#1739,#1740,#1741,#1742,#1743,#1744));
#384=EDGE_LOOP('',(#1745,#1746,#1747,#1748));
#385=EDGE_LOOP('',(#1749));
#386=EDGE_LOOP('',(#1750));
#387=EDGE_LOOP('',(#1751,#1752,#1753,#1754,#1755,#1756,#1757,#1758));
#388=EDGE_LOOP('',(#1759,#1760,#1761,#1762,#1763,#1764,#1765,#1766));
#389=EDGE_LOOP('',(#1767,#1768,#1769,#1770,#1771,#1772,#1773,#1774));
#390=EDGE_LOOP('',(#1775,#1776,#1777,#1778,#1779,#1780,#1781,#1782));
#391=EDGE_LOOP('',(#1783,#1784,#1785,#1786,#1787,#1788,#1789,#1790));
#392=EDGE_LOOP('',(#1791,#1792,#1793,#1794,#1795,#1796,#1797,#1798));
#393=EDGE_LOOP('',(#1799,#1800,#1801,#1802,#1803,#1804,#1805,#1806));
#394=EDGE_LOOP('',(#1807,#1808,#1809,#1810,#1811,#1812,#1813,#1814));
#395=EDGE_LOOP('',(#1815,#1816,#1817,#1818,#1819,#1820,#1821,#1822));
#396=EDGE_LOOP('',(#1823,#1824,#1825,#1826,#1827,#1828,#1829,#1830));
#397=EDGE_LOOP('',(#1831));
#398=EDGE_LOOP('',(#1832));
#399=EDGE_LOOP('',(#1833,#1834,#1835,#1836));
#400=EDGE_LOOP('',(#1837,#1838,#1839,#1840));
#401=EDGE_LOOP('',(#1841,#1842,#1843,#1844));
#402=EDGE_LOOP('',(#1845,#1846,#1847,#1848));
#403=EDGE_LOOP('',(#1849,#1850,#1851,#1852));
#404=EDGE_LOOP('',(#1853,#1854,#1855,#1856));
#405=EDGE_LOOP('',(#1857,#1858,#1859,#1860));
#406=EDGE_LOOP('',(#1861,#1862,#1863,#1864));
#407=EDGE_LOOP('',(#1865,#1866,#1867,#1868));
#408=EDGE_LOOP('',(#1869,#1870,#1871,#1872));
#409=EDGE_LOOP('',(#1873,#1874,#1875,#1876));
#410=EDGE_LOOP('',(#1877,#1878,#1879,#1880));
#411=EDGE_LOOP('',(#1881,#1882,#1883,#1884));
#412=EDGE_LOOP('',(#1885,#1886,#1887,#1888));
#413=EDGE_LOOP('',(#1889,#1890,#1891,#1892));
#414=EDGE_LOOP('',(#1893,#1894,#1895,#1896));
#415=EDGE_LOOP('',(#1897,#1898,#1899,#1900));
#416=EDGE_LOOP('',(#1901,#1902,#1903,#1904));
#417=EDGE_LOOP('',(#1905,#1906,#1907,#1908));
#418=EDGE_LOOP('',(#1909,#1910,#1911,#1912));
#419=EDGE_LOOP('',(#1913,#1914,#1915,#1916));
#420=EDGE_LOOP('',(#1917,#1918,#1919,#1920));
#421=EDGE_LOOP('',(#1921,#1922,#1923,#1924));
#422=EDGE_LOOP('',(#1925,#1926,#1927,#1928));
#423=EDGE_LOOP('',(#1929,#1930,#1931,#1932));
#424=EDGE_LOOP('',(#1933,#1934,#1935,#1936));
#425=EDGE_LOOP('',(#1937,#1938,#1939,#1940));
#426=EDGE_LOOP('',(#1941,#1942,#1943,#1944));
#427=EDGE_LOOP('',(#1945,#1946,#1947,#1948));
#428=EDGE_LOOP('',(#1949,#1950,#1951,#1952));
#429=EDGE_LOOP('',(#1953,#1954,#1955,#1956));
#430=EDGE_LOOP('',(#1957,#1958,#1959,#1960));
#431=EDGE_LOOP('',(#1961,#1962,#1963,#1964));
#432=EDGE_LOOP('',(#1965,#1966,#1967,#1968));
#433=EDGE_LOOP('',(#1969,#1970,#1971,#1972));
#434=EDGE_LOOP('',(#1973,#1974,#1975,#1976));
#435=EDGE_LOOP('',(#1977,#1978,#1979,#1980));
#436=EDGE_LOOP('',(#1981,#1982,#1983,#1984));
#437=EDGE_LOOP('',(#1985,#1986,#1987,#1988));
#438=EDGE_LOOP('',(#1989,#1990,#1991,#1992));
#439=EDGE_LOOP('',(#1993,#1994,#1995,#1996));
#440=EDGE_LOOP('',(#1997,#1998,#1999,#2000));
#441=EDGE_LOOP('',(#2001,#2002,#2003,#2004));
#442=EDGE_LOOP('',(#2005,#2006,#2007,#2008));
#443=EDGE_LOOP('',(#2009,#2010,#2011,#2012));
#444=EDGE_LOOP('',(#2013,#2014,#2015,#2016));
#445=EDGE_LOOP('',(#2017,#2018,#2019,#2020));
#446=EDGE_LOOP('',(#2021,#2022,#2023,#2024));
#447=EDGE_LOOP('',(#2025,#2026,#2027,#2028));
#448=EDGE_LOOP('',(#2029,#2030,#2031,#2032));
#449=EDGE_LOOP('',(#2033,#2034,#2035,#2036));
#450=EDGE_LOOP('',(#2037,#2038,#2039,#2040));
#451=EDGE_LOOP('',(#2041,#2042,#2043,#2044));
#452=EDGE_LOOP('',(#2045,#2046,#2047,#2048));
#453=EDGE_LOOP('',(#2049,#2050,#2051,#2052));
#454=EDGE_LOOP('',(#2053,#2054,#2055,#2056));
#455=EDGE_LOOP('',(#2057,#2058,#2059,#2060));
#456=EDGE_LOOP('',(#2061,#2062,#2063,#2064));
#457=EDGE_LOOP('',(#2065,#2066,#2067,#2068));
#458=EDGE_LOOP('',(#2069,#2070,#2071,#2072));
#459=EDGE_LOOP('',(#2073,#2074,#2075,#2076));
#460=EDGE_LOOP('',(#2077,#2078,#2079,#2080));
#461=EDGE_LOOP('',(#2081,#2082,#2083,#2084));
#462=EDGE_LOOP('',(#2085,#2086,#2087,#2088));
#463=EDGE_LOOP('',(#2089,#2090,#2091,#2092));
#464=EDGE_LOOP('',(#2093,#2094,#2095,#2096));
#465=EDGE_LOOP('',(#2097,#2098,#2099,#2100));
#466=EDGE_LOOP('',(#2101,#2102,#2103,#2104));
#467=EDGE_LOOP('',(#2105,#2106,#2107,#2108));
#468=EDGE_LOOP('',(#2109,#2110,#2111,#2112));
#469=EDGE_LOOP('',(#2113,#2114,#2115,#2116));
#470=EDGE_LOOP('',(#2117,#2118,#2119,#2120));
#471=EDGE_LOOP('',(#2121,#2122,#2123,#2124));
#472=EDGE_LOOP('',(#2125,#2126,#2127,#2128));
#473=EDGE_LOOP('',(#2129,#2130,#2131,#2132));
#474=EDGE_LOOP('',(#2133,#2134,#2135,#2136));
#475=EDGE_LOOP('',(#2137,#2138,#2139,#2140));
#476=EDGE_LOOP('',(#2141,#2142,#2143,#2144));
#477=EDGE_LOOP('',(#2145,#2146,#2147,#2148));
#478=EDGE_LOOP('',(#2149,#2150,#2151,#2152));
#479=LINE('',#3233,#705);
#480=LINE('',#3235,#706);
#481=LINE('',#3237,#707);
#482=LINE('',#3238,#708);
#483=LINE('',#3241,#709);
#484=LINE('',#3243,#710);
#485=LINE('',#3244,#711);
#486=LINE('',#3247,#712);
#487=LINE('',#3249,#713);
#488=LINE('',#3251,#714);
#489=LINE('',#3252,#715);
#490=LINE('',#3257,#716);
#491=LINE('',#3261,#717);
#492=LINE('',#3265,#718);
#493=LINE('',#3268,#719);
#494=LINE('',#3271,#720);
#495=LINE('',#3275,#721);
#496=LINE('',#3279,#722);
#497=LINE('',#3283,#723);
#498=LINE('',#3287,#724);
#499=LINE('',#3291,#725);
#500=LINE('',#3295,#726);
#501=LINE('',#3299,#727);
#502=LINE('',#3305,#728);
#503=LINE('',#3309,#729);
#504=LINE('',#3313,#730);
#505=LINE('',#3316,#731);
#506=LINE('',#3319,#732);
#507=LINE('',#3323,#733);
#508=LINE('',#3327,#734);
#509=LINE('',#3331,#735);
#510=LINE('',#3335,#736);
#511=LINE('',#3339,#737);
#512=LINE('',#3343,#738);
#513=LINE('',#3347,#739);
#514=LINE('',#3351,#740);
#515=LINE('',#3355,#741);
#516=LINE('',#3359,#742);
#517=LINE('',#3363,#743);
#518=LINE('',#3367,#744);
#519=LINE('',#3371,#745);
#520=LINE('',#3375,#746);
#521=LINE('',#3379,#747);
#522=LINE('',#3383,#748);
#523=LINE('',#3387,#749);
#524=LINE('',#3391,#750);
#525=LINE('',#3395,#751);
#526=LINE('',#3399,#752);
#527=LINE('',#3403,#753);
#528=LINE('',#3407,#754);
#529=LINE('',#3411,#755);
#530=LINE('',#3415,#756);
#531=LINE('',#3416,#757);
#532=LINE('',#3419,#758);
#533=LINE('',#3421,#759);
#534=LINE('',#3422,#760);
#535=LINE('',#3424,#761);
#536=LINE('',#3426,#762);
#537=LINE('',#3430,#763);
#538=LINE('',#3432,#764);
#539=LINE('',#3434,#765);
#540=LINE('',#3435,#766);
#541=LINE('',#3439,#767);
#542=LINE('',#3440,#768);
#543=LINE('',#3441,#769);
#544=LINE('',#3445,#770);
#545=LINE('',#3446,#771);
#546=LINE('',#3447,#772);
#547=LINE('',#3449,#773);
#548=LINE('',#3452,#774);
#549=LINE('',#3454,#775);
#550=LINE('',#3456,#776);
#551=LINE('',#3457,#777);
#552=LINE('',#3459,#778);
#553=LINE('',#3462,#779);
#554=LINE('',#3464,#780);
#555=LINE('',#3465,#781);
#556=LINE('',#3468,#782);
#557=LINE('',#3469,#783);
#558=LINE('',#3472,#784);
#559=LINE('',#3473,#785);
#560=LINE('',#3475,#786);
#561=LINE('',#3479,#787);
#562=LINE('',#3483,#788);
#563=LINE('',#3487,#789);
#564=LINE('',#3491,#790);
#565=LINE('',#3503,#791);
#566=LINE('',#3507,#792);
#567=LINE('',#3511,#793);
#568=LINE('',#3515,#794);
#569=LINE('',#3534,#795);
#570=LINE('',#3550,#796);
#571=LINE('',#3566,#797);
#572=LINE('',#3580,#798);
#573=LINE('',#3583,#799);
#574=LINE('',#3585,#800);
#575=LINE('',#3586,#801);
#576=LINE('',#3589,#802);
#577=LINE('',#3593,#803);
#578=LINE('',#3594,#804);
#579=LINE('',#3597,#805);
#580=LINE('',#3602,#806);
#581=LINE('',#3605,#807);
#582=LINE('',#3606,#808);
#583=LINE('',#3610,#809);
#584=LINE('',#3612,#810);
#585=LINE('',#3618,#811);
#586=LINE('',#3622,#812);
#587=LINE('',#3626,#813);
#588=LINE('',#3629,#814);
#589=LINE('',#3632,#815);
#590=LINE('',#3636,#816);
#591=LINE('',#3640,#817);
#592=LINE('',#3644,#818);
#593=LINE('',#3648,#819);
#594=LINE('',#3652,#820);
#595=LINE('',#3656,#821);
#596=LINE('',#3660,#822);
#597=LINE('',#3664,#823);
#598=LINE('',#3668,#824);
#599=LINE('',#3672,#825);
#600=LINE('',#3676,#826);
#601=LINE('',#3680,#827);
#602=LINE('',#3684,#828);
#603=LINE('',#3688,#829);
#604=LINE('',#3692,#830);
#605=LINE('',#3698,#831);
#606=LINE('',#3702,#832);
#607=LINE('',#3706,#833);
#608=LINE('',#3709,#834);
#609=LINE('',#3712,#835);
#610=LINE('',#3716,#836);
#611=LINE('',#3720,#837);
#612=LINE('',#3724,#838);
#613=LINE('',#3728,#839);
#614=LINE('',#3732,#840);
#615=LINE('',#3736,#841);
#616=LINE('',#3740,#842);
#617=LINE('',#3744,#843);
#618=LINE('',#3748,#844);
#619=LINE('',#3752,#845);
#620=LINE('',#3756,#846);
#621=LINE('',#3760,#847);
#622=LINE('',#3764,#848);
#623=LINE('',#3768,#849);
#624=LINE('',#3772,#850);
#625=LINE('',#3775,#851);
#626=LINE('',#3776,#852);
#627=LINE('',#3778,#853);
#628=LINE('',#3780,#854);
#629=LINE('',#3782,#855);
#630=LINE('',#3784,#856);
#631=LINE('',#3786,#857);
#632=LINE('',#3788,#858);
#633=LINE('',#3791,#859);
#634=LINE('',#3792,#860);
#635=LINE('',#3794,#861);
#636=LINE('',#3796,#862);
#637=LINE('',#3798,#863);
#638=LINE('',#3800,#864);
#639=LINE('',#3802,#865);
#640=LINE('',#3804,#866);
#641=LINE('',#3807,#867);
#642=LINE('',#3808,#868);
#643=LINE('',#3810,#869);
#644=LINE('',#3812,#870);
#645=LINE('',#3814,#871);
#646=LINE('',#3816,#872);
#647=LINE('',#3818,#873);
#648=LINE('',#3820,#874);
#649=LINE('',#3823,#875);
#650=LINE('',#3824,#876);
#651=LINE('',#3826,#877);
#652=LINE('',#3828,#878);
#653=LINE('',#3830,#879);
#654=LINE('',#3832,#880);
#655=LINE('',#3834,#881);
#656=LINE('',#3836,#882);
#657=LINE('',#3839,#883);
#658=LINE('',#3840,#884);
#659=LINE('',#3842,#885);
#660=LINE('',#3844,#886);
#661=LINE('',#3846,#887);
#662=LINE('',#3848,#888);
#663=LINE('',#3850,#889);
#664=LINE('',#3852,#890);
#665=LINE('',#3855,#891);
#666=LINE('',#3856,#892);
#667=LINE('',#3858,#893);
#668=LINE('',#3860,#894);
#669=LINE('',#3862,#895);
#670=LINE('',#3864,#896);
#671=LINE('',#3866,#897);
#672=LINE('',#3868,#898);
#673=LINE('',#3871,#899);
#674=LINE('',#3872,#900);
#675=LINE('',#3874,#901);
#676=LINE('',#3876,#902);
#677=LINE('',#3878,#903);
#678=LINE('',#3880,#904);
#679=LINE('',#3882,#905);
#680=LINE('',#3884,#906);
#681=LINE('',#3887,#907);
#682=LINE('',#3888,#908);
#683=LINE('',#3890,#909);
#684=LINE('',#3892,#910);
#685=LINE('',#3894,#911);
#686=LINE('',#3896,#912);
#687=LINE('',#3898,#913);
#688=LINE('',#3900,#914);
#689=LINE('',#3903,#915);
#690=LINE('',#3904,#916);
#691=LINE('',#3906,#917);
#692=LINE('',#3908,#918);
#693=LINE('',#3910,#919);
#694=LINE('',#3912,#920);
#695=LINE('',#3914,#921);
#696=LINE('',#3916,#922);
#697=LINE('',#3919,#923);
#698=LINE('',#3920,#924);
#699=LINE('',#3922,#925);
#700=LINE('',#3924,#926);
#701=LINE('',#3926,#927);
#702=LINE('',#3928,#928);
#703=LINE('',#3930,#929);
#704=LINE('',#3932,#930);
#705=VECTOR('',#2561,10.);
#706=VECTOR('',#2562,10.);
#707=VECTOR('',#2563,10.);
#708=VECTOR('',#2564,10.);
#709=VECTOR('',#2567,10.);
#710=VECTOR('',#2568,10.);
#711=VECTOR('',#2569,10.);
#712=VECTOR('',#2572,10.);
#713=VECTOR('',#2573,10.);
#714=VECTOR('',#2574,10.);
#715=VECTOR('',#2575,10.);
#716=VECTOR('',#2578,10.);
#717=VECTOR('',#2581,10.);
#718=VECTOR('',#2584,10.);
#719=VECTOR('',#2587,10.);
#720=VECTOR('',#2588,10.);
#721=VECTOR('',#2591,10.);
#722=VECTOR('',#2594,10.);
#723=VECTOR('',#2597,10.);
#724=VECTOR('',#2600,10.);
#725=VECTOR('',#2603,10.);
#726=VECTOR('',#2606,10.);
#727=VECTOR('',#2609,10.);
#728=VECTOR('',#2614,10.);
#729=VECTOR('',#2617,10.);
#730=VECTOR('',#2620,10.);
#731=VECTOR('',#2623,10.);
#732=VECTOR('',#2624,10.);
#733=VECTOR('',#2627,10.);
#734=VECTOR('',#2630,10.);
#735=VECTOR('',#2633,10.);
#736=VECTOR('',#2636,10.);
#737=VECTOR('',#2639,10.);
#738=VECTOR('',#2642,10.);
#739=VECTOR('',#2645,10.);
#740=VECTOR('',#2648,10.);
#741=VECTOR('',#2651,10.);
#742=VECTOR('',#2654,10.);
#743=VECTOR('',#2657,10.);
#744=VECTOR('',#2660,10.);
#745=VECTOR('',#2663,10.);
#746=VECTOR('',#2666,10.);
#747=VECTOR('',#2669,10.);
#748=VECTOR('',#2672,10.);
#749=VECTOR('',#2675,10.);
#750=VECTOR('',#2678,10.);
#751=VECTOR('',#2681,10.);
#752=VECTOR('',#2684,10.);
#753=VECTOR('',#2687,10.);
#754=VECTOR('',#2690,10.);
#755=VECTOR('',#2693,10.);
#756=VECTOR('',#2698,10.);
#757=VECTOR('',#2699,10.);
#758=VECTOR('',#2702,10.);
#759=VECTOR('',#2703,10.);
#760=VECTOR('',#2704,10.);
#761=VECTOR('',#2707,10.);
#762=VECTOR('',#2710,10.);
#763=VECTOR('',#2713,10.);
#764=VECTOR('',#2714,10.);
#765=VECTOR('',#2715,10.);
#766=VECTOR('',#2716,10.);
#767=VECTOR('',#2719,10.);
#768=VECTOR('',#2720,10.);
#769=VECTOR('',#2721,10.);
#770=VECTOR('',#2724,10.);
#771=VECTOR('',#2725,10.);
#772=VECTOR('',#2726,10.);
#773=VECTOR('',#2729,10.);
#774=VECTOR('',#2730,10.);
#775=VECTOR('',#2731,10.);
#776=VECTOR('',#2732,10.);
#777=VECTOR('',#2733,10.);
#778=VECTOR('',#2736,10.);
#779=VECTOR('',#2739,10.);
#780=VECTOR('',#2740,10.);
#781=VECTOR('',#2741,10.);
#782=VECTOR('',#2744,10.);
#783=VECTOR('',#2745,10.);
#784=VECTOR('',#2748,10.);
#785=VECTOR('',#2749,10.);
#786=VECTOR('',#2752,10.);
#787=VECTOR('',#2755,10.);
#788=VECTOR('',#2758,10.);
#789=VECTOR('',#2761,10.);
#790=VECTOR('',#2764,10.);
#791=VECTOR('',#2777,1.7);
#792=VECTOR('',#2782,1.7);
#793=VECTOR('',#2787,1.7);
#794=VECTOR('',#2792,1.7);
#795=VECTOR('',#2805,10.);
#796=VECTOR('',#2814,10.);
#797=VECTOR('',#2823,10.);
#798=VECTOR('',#2830,10.);
#799=VECTOR('',#2833,10.);
#800=VECTOR('',#2834,10.);
#801=VECTOR('',#2835,10.);
#802=VECTOR('',#2838,10.);
#803=VECTOR('',#2843,10.);
#804=VECTOR('',#2844,10.);
#805=VECTOR('',#2847,10.);
#806=VECTOR('',#2854,10.);
#807=VECTOR('',#2857,10.);
#808=VECTOR('',#2858,10.);
#809=VECTOR('',#2863,10.);
#810=VECTOR('',#2866,10.);
#811=VECTOR('',#2871,10.);
#812=VECTOR('',#2874,10.);
#813=VECTOR('',#2877,10.);
#814=VECTOR('',#2880,10.);
#815=VECTOR('',#2881,10.);
#816=VECTOR('',#2884,10.);
#817=VECTOR('',#2887,10.);
#818=VECTOR('',#2890,10.);
#819=VECTOR('',#2893,10.);
#820=VECTOR('',#2896,10.);
#821=VECTOR('',#2899,10.);
#822=VECTOR('',#2902,10.);
#823=VECTOR('',#2905,10.);
#824=VECTOR('',#2908,10.);
#825=VECTOR('',#2911,10.);
#826=VECTOR('',#2914,10.);
#827=VECTOR('',#2917,10.);
#828=VECTOR('',#2920,10.);
#829=VECTOR('',#2923,10.);
#830=VECTOR('',#2926,10.);
#831=VECTOR('',#2931,10.);
#832=VECTOR('',#2934,10.);
#833=VECTOR('',#2937,10.);
#834=VECTOR('',#2940,10.);
#835=VECTOR('',#2941,10.);
#836=VECTOR('',#2944,10.);
#837=VECTOR('',#2947,10.);
#838=VECTOR('',#2950,10.);
#839=VECTOR('',#2953,10.);
#840=VECTOR('',#2956,10.);
#841=VECTOR('',#2959,10.);
#842=VECTOR('',#2962,10.);
#843=VECTOR('',#2965,10.);
#844=VECTOR('',#2968,10.);
#845=VECTOR('',#2971,10.);
#846=VECTOR('',#2974,10.);
#847=VECTOR('',#2977,10.);
#848=VECTOR('',#2980,10.);
#849=VECTOR('',#2983,10.);
#850=VECTOR('',#2986,10.);
#851=VECTOR('',#2991,10.);
#852=VECTOR('',#2992,10.);
#853=VECTOR('',#2995,10.);
#854=VECTOR('',#2998,10.);
#855=VECTOR('',#3001,10.);
#856=VECTOR('',#3004,10.);
#857=VECTOR('',#3007,10.);
#858=VECTOR('',#3010,10.);
#859=VECTOR('',#3015,10.);
#860=VECTOR('',#3016,10.);
#861=VECTOR('',#3019,10.);
#862=VECTOR('',#3022,10.);
#863=VECTOR('',#3025,10.);
#864=VECTOR('',#3028,10.);
#865=VECTOR('',#3031,10.);
#866=VECTOR('',#3034,10.);
#867=VECTOR('',#3039,10.);
#868=VECTOR('',#3040,10.);
#869=VECTOR('',#3043,10.);
#870=VECTOR('',#3046,10.);
#871=VECTOR('',#3049,10.);
#872=VECTOR('',#3052,10.);
#873=VECTOR('',#3055,10.);
#874=VECTOR('',#3058,10.);
#875=VECTOR('',#3063,10.);
#876=VECTOR('',#3064,10.);
#877=VECTOR('',#3067,10.);
#878=VECTOR('',#3070,10.);
#879=VECTOR('',#3073,10.);
#880=VECTOR('',#3076,10.);
#881=VECTOR('',#3079,10.);
#882=VECTOR('',#3082,10.);
#883=VECTOR('',#3087,10.);
#884=VECTOR('',#3088,10.);
#885=VECTOR('',#3091,10.);
#886=VECTOR('',#3094,10.);
#887=VECTOR('',#3097,10.);
#888=VECTOR('',#3100,10.);
#889=VECTOR('',#3103,10.);
#890=VECTOR('',#3106,10.);
#891=VECTOR('',#3111,10.);
#892=VECTOR('',#3112,10.);
#893=VECTOR('',#3115,10.);
#894=VECTOR('',#3118,10.);
#895=VECTOR('',#3121,10.);
#896=VECTOR('',#3124,10.);
#897=VECTOR('',#3127,10.);
#898=VECTOR('',#3130,10.);
#899=VECTOR('',#3135,10.);
#900=VECTOR('',#3136,10.);
#901=VECTOR('',#3139,10.);
#902=VECTOR('',#3142,10.);
#903=VECTOR('',#3145,10.);
#904=VECTOR('',#3148,10.);
#905=VECTOR('',#3151,10.);
#906=VECTOR('',#3154,10.);
#907=VECTOR('',#3159,10.);
#908=VECTOR('',#3160,10.);
#909=VECTOR('',#3163,10.);
#910=VECTOR('',#3166,10.);
#911=VECTOR('',#3169,10.);
#912=VECTOR('',#3172,10.);
#913=VECTOR('',#3175,10.);
#914=VECTOR('',#3178,10.);
#915=VECTOR('',#3183,10.);
#916=VECTOR('',#3184,10.);
#917=VECTOR('',#3187,10.);
#918=VECTOR('',#3190,10.);
#919=VECTOR('',#3193,10.);
#920=VECTOR('',#3196,10.);
#921=VECTOR('',#3199,10.);
#922=VECTOR('',#3202,10.);
#923=VECTOR('',#3207,10.);
#924=VECTOR('',#3208,10.);
#925=VECTOR('',#3211,10.);
#926=VECTOR('',#3214,10.);
#927=VECTOR('',#3217,10.);
#928=VECTOR('',#3220,10.);
#929=VECTOR('',#3223,10.);
#930=VECTOR('',#3226,10.);
#931=VERTEX_POINT('',#3231);
#932=VERTEX_POINT('',#3232);
#933=VERTEX_POINT('',#3234);
#934=VERTEX_POINT('',#3236);
#935=VERTEX_POINT('',#3240);
#936=VERTEX_POINT('',#3242);
#937=VERTEX_POINT('',#3246);
#938=VERTEX_POINT('',#3248);
#939=VERTEX_POINT('',#3250);
#940=VERTEX_POINT('',#3253);
#941=VERTEX_POINT('',#3254);
#942=VERTEX_POINT('',#3256);
#943=VERTEX_POINT('',#3258);
#944=VERTEX_POINT('',#3260);
#945=VERTEX_POINT('',#3262);
#946=VERTEX_POINT('',#3264);
#947=VERTEX_POINT('',#3266);
#948=VERTEX_POINT('',#3269);
#949=VERTEX_POINT('',#3270);
#950=VERTEX_POINT('',#3272);
#951=VERTEX_POINT('',#3274);
#952=VERTEX_POINT('',#3276);
#953=VERTEX_POINT('',#3278);
#954=VERTEX_POINT('',#3280);
#955=VERTEX_POINT('',#3282);
#956=VERTEX_POINT('',#3285);
#957=VERTEX_POINT('',#3286);
#958=VERTEX_POINT('',#3288);
#959=VERTEX_POINT('',#3290);
#960=VERTEX_POINT('',#3292);
#961=VERTEX_POINT('',#3294);
#962=VERTEX_POINT('',#3296);
#963=VERTEX_POINT('',#3298);
#964=VERTEX_POINT('',#3301);
#965=VERTEX_POINT('',#3302);
#966=VERTEX_POINT('',#3304);
#967=VERTEX_POINT('',#3306);
#968=VERTEX_POINT('',#3308);
#969=VERTEX_POINT('',#3310);
#970=VERTEX_POINT('',#3312);
#971=VERTEX_POINT('',#3314);
#972=VERTEX_POINT('',#3317);
#973=VERTEX_POINT('',#3318);
#974=VERTEX_POINT('',#3320);
#975=VERTEX_POINT('',#3322);
#976=VERTEX_POINT('',#3324);
#977=VERTEX_POINT('',#3326);
#978=VERTEX_POINT('',#3328);
#979=VERTEX_POINT('',#3330);
#980=VERTEX_POINT('',#3333);
#981=VERTEX_POINT('',#3334);
#982=VERTEX_POINT('',#3336);
#983=VERTEX_POINT('',#3338);
#984=VERTEX_POINT('',#3340);
#985=VERTEX_POINT('',#3342);
#986=VERTEX_POINT('',#3344);
#987=VERTEX_POINT('',#3346);
#988=VERTEX_POINT('',#3349);
#989=VERTEX_POINT('',#3350);
#990=VERTEX_POINT('',#3352);
#991=VERTEX_POINT('',#3354);
#992=VERTEX_POINT('',#3356);
#993=VERTEX_POINT('',#3358);
#994=VERTEX_POINT('',#3360);
#995=VERTEX_POINT('',#3362);
#996=VERTEX_POINT('',#3365);
#997=VERTEX_POINT('',#3366);
#998=VERTEX_POINT('',#3368);
#999=VERTEX_POINT('',#3370);
#1000=VERTEX_POINT('',#3372);
#1001=VERTEX_POINT('',#3374);
#1002=VERTEX_POINT('',#3376);
#1003=VERTEX_POINT('',#3378);
#1004=VERTEX_POINT('',#3381);
#1005=VERTEX_POINT('',#3382);
#1006=VERTEX_POINT('',#3384);
#1007=VERTEX_POINT('',#3386);
#1008=VERTEX_POINT('',#3388);
#1009=VERTEX_POINT('',#3390);
#1010=VERTEX_POINT('',#3392);
#1011=VERTEX_POINT('',#3394);
#1012=VERTEX_POINT('',#3397);
#1013=VERTEX_POINT('',#3398);
#1014=VERTEX_POINT('',#3400);
#1015=VERTEX_POINT('',#3402);
#1016=VERTEX_POINT('',#3404);
#1017=VERTEX_POINT('',#3406);
#1018=VERTEX_POINT('',#3408);
#1019=VERTEX_POINT('',#3410);
#1020=VERTEX_POINT('',#3414);
#1021=VERTEX_POINT('',#3418);
#1022=VERTEX_POINT('',#3420);
#1023=VERTEX_POINT('',#3428);
#1024=VERTEX_POINT('',#3429);
#1025=VERTEX_POINT('',#3431);
#1026=VERTEX_POINT('',#3433);
#1027=VERTEX_POINT('',#3437);
#1028=VERTEX_POINT('',#3438);
#1029=VERTEX_POINT('',#3443);
#1030=VERTEX_POINT('',#3444);
#1031=VERTEX_POINT('',#3450);
#1032=VERTEX_POINT('',#3451);
#1033=VERTEX_POINT('',#3453);
#1034=VERTEX_POINT('',#3455);
#1035=VERTEX_POINT('',#3461);
#1036=VERTEX_POINT('',#3463);
#1037=VERTEX_POINT('',#3467);
#1038=VERTEX_POINT('',#3471);
#1039=VERTEX_POINT('',#3477);
#1040=VERTEX_POINT('',#3478);
#1041=VERTEX_POINT('',#3480);
#1042=VERTEX_POINT('',#3482);
#1043=VERTEX_POINT('',#3484);
#1044=VERTEX_POINT('',#3486);
#1045=VERTEX_POINT('',#3488);
#1046=VERTEX_POINT('',#3490);
#1047=VERTEX_POINT('',#3493);
#1048=VERTEX_POINT('',#3495);
#1049=VERTEX_POINT('',#3497);
#1050=VERTEX_POINT('',#3499);
#1051=VERTEX_POINT('',#3502);
#1052=VERTEX_POINT('',#3506);
#1053=VERTEX_POINT('',#3510);
#1054=VERTEX_POINT('',#3514);
#1055=VERTEX_POINT('',#3526);
#1056=VERTEX_POINT('',#3528);
#1057=VERTEX_POINT('',#3532);
#1058=VERTEX_POINT('',#3544);
#1059=VERTEX_POINT('',#3548);
#1060=VERTEX_POINT('',#3560);
#1061=VERTEX_POINT('',#3564);
#1062=VERTEX_POINT('',#3576);
#1063=VERTEX_POINT('',#3582);
#1064=VERTEX_POINT('',#3584);
#1065=VERTEX_POINT('',#3588);
#1066=VERTEX_POINT('',#3592);
#1067=VERTEX_POINT('',#3596);
#1068=VERTEX_POINT('',#3600);
#1069=VERTEX_POINT('',#3604);
#1070=VERTEX_POINT('',#3608);
#1071=VERTEX_POINT('',#3614);
#1072=VERTEX_POINT('',#3615);
#1073=VERTEX_POINT('',#3617);
#1074=VERTEX_POINT('',#3619);
#1075=VERTEX_POINT('',#3621);
#1076=VERTEX_POINT('',#3623);
#1077=VERTEX_POINT('',#3625);
#1078=VERTEX_POINT('',#3627);
#1079=VERTEX_POINT('',#3630);
#1080=VERTEX_POINT('',#3631);
#1081=VERTEX_POINT('',#3633);
#1082=VERTEX_POINT('',#3635);
#1083=VERTEX_POINT('',#3637);
#1084=VERTEX_POINT('',#3639);
#1085=VERTEX_POINT('',#3641);
#1086=VERTEX_POINT('',#3643);
#1087=VERTEX_POINT('',#3646);
#1088=VERTEX_POINT('',#3647);
#1089=VERTEX_POINT('',#3649);
#1090=VERTEX_POINT('',#3651);
#1091=VERTEX_POINT('',#3653);
#1092=VERTEX_POINT('',#3655);
#1093=VERTEX_POINT('',#3657);
#1094=VERTEX_POINT('',#3659);
#1095=VERTEX_POINT('',#3662);
#1096=VERTEX_POINT('',#3663);
#1097=VERTEX_POINT('',#3665);
#1098=VERTEX_POINT('',#3667);
#1099=VERTEX_POINT('',#3669);
#1100=VERTEX_POINT('',#3671);
#1101=VERTEX_POINT('',#3673);
#1102=VERTEX_POINT('',#3675);
#1103=VERTEX_POINT('',#3678);
#1104=VERTEX_POINT('',#3679);
#1105=VERTEX_POINT('',#3681);
#1106=VERTEX_POINT('',#3683);
#1107=VERTEX_POINT('',#3685);
#1108=VERTEX_POINT('',#3687);
#1109=VERTEX_POINT('',#3689);
#1110=VERTEX_POINT('',#3691);
#1111=VERTEX_POINT('',#3694);
#1112=VERTEX_POINT('',#3695);
#1113=VERTEX_POINT('',#3697);
#1114=VERTEX_POINT('',#3699);
#1115=VERTEX_POINT('',#3701);
#1116=VERTEX_POINT('',#3703);
#1117=VERTEX_POINT('',#3705);
#1118=VERTEX_POINT('',#3707);
#1119=VERTEX_POINT('',#3710);
#1120=VERTEX_POINT('',#3711);
#1121=VERTEX_POINT('',#3713);
#1122=VERTEX_POINT('',#3715);
#1123=VERTEX_POINT('',#3717);
#1124=VERTEX_POINT('',#3719);
#1125=VERTEX_POINT('',#3721);
#1126=VERTEX_POINT('',#3723);
#1127=VERTEX_POINT('',#3726);
#1128=VERTEX_POINT('',#3727);
#1129=VERTEX_POINT('',#3729);
#1130=VERTEX_POINT('',#3731);
#1131=VERTEX_POINT('',#3733);
#1132=VERTEX_POINT('',#3735);
#1133=VERTEX_POINT('',#3737);
#1134=VERTEX_POINT('',#3739);
#1135=VERTEX_POINT('',#3742);
#1136=VERTEX_POINT('',#3743);
#1137=VERTEX_POINT('',#3745);
#1138=VERTEX_POINT('',#3747);
#1139=VERTEX_POINT('',#3749);
#1140=VERTEX_POINT('',#3751);
#1141=VERTEX_POINT('',#3753);
#1142=VERTEX_POINT('',#3755);
#1143=VERTEX_POINT('',#3758);
#1144=VERTEX_POINT('',#3759);
#1145=VERTEX_POINT('',#3761);
#1146=VERTEX_POINT('',#3763);
#1147=VERTEX_POINT('',#3765);
#1148=VERTEX_POINT('',#3767);
#1149=VERTEX_POINT('',#3769);
#1150=VERTEX_POINT('',#3771);
#1151=EDGE_CURVE('',#931,#932,#479,.T.);
#1152=EDGE_CURVE('',#933,#931,#480,.T.);
#1153=EDGE_CURVE('',#934,#933,#481,.T.);
#1154=EDGE_CURVE('',#934,#932,#482,.T.);
#1155=EDGE_CURVE('',#935,#933,#483,.T.);
#1156=EDGE_CURVE('',#935,#936,#484,.T.);
#1157=EDGE_CURVE('',#936,#934,#485,.T.);
#1158=EDGE_CURVE('',#931,#937,#486,.T.);
#1159=EDGE_CURVE('',#937,#938,#487,.T.);
#1160=EDGE_CURVE('',#938,#939,#488,.T.);
#1161=EDGE_CURVE('',#939,#935,#489,.T.);
#1162=EDGE_CURVE('',#940,#941,#103,.T.);
#1163=EDGE_CURVE('',#941,#942,#490,.T.);
#1164=EDGE_CURVE('',#942,#943,#104,.T.);
#1165=EDGE_CURVE('',#943,#944,#491,.T.);
#1166=EDGE_CURVE('',#944,#945,#105,.T.);
#1167=EDGE_CURVE('',#945,#946,#492,.T.);
#1168=EDGE_CURVE('',#946,#947,#106,.T.);
#1169=EDGE_CURVE('',#947,#940,#493,.T.);
#1170=EDGE_CURVE('',#948,#949,#494,.T.);
#1171=EDGE_CURVE('',#949,#950,#107,.T.);
#1172=EDGE_CURVE('',#950,#951,#495,.T.);
#1173=EDGE_CURVE('',#951,#952,#108,.T.);
#1174=EDGE_CURVE('',#952,#953,#496,.T.);
#1175=EDGE_CURVE('',#953,#954,#109,.T.);
#1176=EDGE_CURVE('',#954,#955,#497,.T.);
#1177=EDGE_CURVE('',#955,#948,#110,.T.);
#1178=EDGE_CURVE('',#956,#957,#498,.T.);
#1179=EDGE_CURVE('',#957,#958,#111,.T.);
#1180=EDGE_CURVE('',#958,#959,#499,.T.);
#1181=EDGE_CURVE('',#959,#960,#112,.T.);
#1182=EDGE_CURVE('',#960,#961,#500,.T.);
#1183=EDGE_CURVE('',#961,#962,#113,.T.);
#1184=EDGE_CURVE('',#962,#963,#501,.T.);
#1185=EDGE_CURVE('',#963,#956,#114,.T.);
#1186=EDGE_CURVE('',#964,#965,#115,.T.);
#1187=EDGE_CURVE('',#965,#966,#502,.T.);
#1188=EDGE_CURVE('',#966,#967,#116,.T.);
#1189=EDGE_CURVE('',#967,#968,#503,.T.);
#1190=EDGE_CURVE('',#968,#969,#117,.T.);
#1191=EDGE_CURVE('',#969,#970,#504,.T.);
#1192=EDGE_CURVE('',#970,#971,#118,.T.);
#1193=EDGE_CURVE('',#971,#964,#505,.T.);
#1194=EDGE_CURVE('',#972,#973,#506,.T.);
#1195=EDGE_CURVE('',#973,#974,#119,.T.);
#1196=EDGE_CURVE('',#974,#975,#507,.T.);
#1197=EDGE_CURVE('',#975,#976,#120,.T.);
#1198=EDGE_CURVE('',#976,#977,#508,.T.);
#1199=EDGE_CURVE('',#977,#978,#121,.T.);
#1200=EDGE_CURVE('',#978,#979,#509,.T.);
#1201=EDGE_CURVE('',#979,#972,#122,.T.);
#1202=EDGE_CURVE('',#980,#981,#510,.T.);
#1203=EDGE_CURVE('',#981,#982,#123,.T.);
#1204=EDGE_CURVE('',#982,#983,#511,.T.);
#1205=EDGE_CURVE('',#983,#984,#124,.T.);
#1206=EDGE_CURVE('',#984,#985,#512,.T.);
#1207=EDGE_CURVE('',#985,#986,#125,.T.);
#1208=EDGE_CURVE('',#986,#987,#513,.T.);
#1209=EDGE_CURVE('',#987,#980,#126,.T.);
#1210=EDGE_CURVE('',#988,#989,#514,.T.);
#1211=EDGE_CURVE('',#989,#990,#127,.T.);
#1212=EDGE_CURVE('',#990,#991,#515,.T.);
#1213=EDGE_CURVE('',#991,#992,#128,.T.);
#1214=EDGE_CURVE('',#992,#993,#516,.T.);
#1215=EDGE_CURVE('',#993,#994,#129,.T.);
#1216=EDGE_CURVE('',#994,#995,#517,.T.);
#1217=EDGE_CURVE('',#995,#988,#130,.T.);
#1218=EDGE_CURVE('',#996,#997,#518,.T.);
#1219=EDGE_CURVE('',#997,#998,#131,.T.);
#1220=EDGE_CURVE('',#998,#999,#519,.T.);
#1221=EDGE_CURVE('',#999,#1000,#132,.T.);
#1222=EDGE_CURVE('',#1000,#1001,#520,.T.);
#1223=EDGE_CURVE('',#1001,#1002,#133,.T.);
#1224=EDGE_CURVE('',#1002,#1003,#521,.T.);
#1225=EDGE_CURVE('',#1003,#996,#134,.T.);
#1226=EDGE_CURVE('',#1004,#1005,#522,.T.);
#1227=EDGE_CURVE('',#1005,#1006,#135,.T.);
#1228=EDGE_CURVE('',#1006,#1007,#523,.T.);
#1229=EDGE_CURVE('',#1007,#1008,#136,.T.);
#1230=EDGE_CURVE('',#1008,#1009,#524,.T.);
#1231=EDGE_CURVE('',#1009,#1010,#137,.T.);
#1232=EDGE_CURVE('',#1010,#1011,#525,.T.);
#1233=EDGE_CURVE('',#1011,#1004,#138,.T.);
#1234=EDGE_CURVE('',#1012,#1013,#526,.T.);
#1235=EDGE_CURVE('',#1013,#1014,#139,.T.);
#1236=EDGE_CURVE('',#1014,#1015,#527,.T.);
#1237=EDGE_CURVE('',#1015,#1016,#140,.T.);
#1238=EDGE_CURVE('',#1016,#1017,#528,.T.);
#1239=EDGE_CURVE('',#1017,#1018,#141,.T.);
#1240=EDGE_CURVE('',#1018,#1019,#529,.T.);
#1241=EDGE_CURVE('',#1019,#1012,#142,.T.);
#1242=EDGE_CURVE('',#932,#1020,#530,.T.);
#1243=EDGE_CURVE('',#937,#1020,#531,.T.);
#1244=EDGE_CURVE('',#1021,#938,#532,.T.);
#1245=EDGE_CURVE('',#1021,#1022,#533,.T.);
#1246=EDGE_CURVE('',#939,#1022,#534,.T.);
#1247=EDGE_CURVE('',#1022,#936,#535,.T.);
#1248=EDGE_CURVE('',#1020,#1021,#536,.T.);
#1249=EDGE_CURVE('',#1023,#1024,#537,.T.);
#1250=EDGE_CURVE('',#1025,#1023,#538,.T.);
#1251=EDGE_CURVE('',#1026,#1025,#539,.T.);
#1252=EDGE_CURVE('',#1024,#1026,#540,.T.);
#1253=EDGE_CURVE('',#1027,#1028,#541,.T.);
#1254=EDGE_CURVE('',#1026,#1027,#542,.T.);
#1255=EDGE_CURVE('',#1028,#1025,#543,.T.);
#1256=EDGE_CURVE('',#1029,#1030,#544,.T.);
#1257=EDGE_CURVE('',#1023,#1029,#545,.T.);
#1258=EDGE_CURVE('',#1030,#1024,#546,.T.);
#1259=EDGE_CURVE('',#1029,#1028,#547,.T.);
#1260=EDGE_CURVE('',#1031,#1032,#548,.T.);
#1261=EDGE_CURVE('',#1032,#1033,#549,.T.);
#1262=EDGE_CURVE('',#1033,#1034,#550,.T.);
#1263=EDGE_CURVE('',#1034,#1031,#551,.T.);
#1264=EDGE_CURVE('',#1030,#1027,#552,.T.);
#1265=EDGE_CURVE('',#1035,#1033,#553,.T.);
#1266=EDGE_CURVE('',#1036,#1035,#554,.T.);
#1267=EDGE_CURVE('',#1036,#1034,#555,.T.);
#1268=EDGE_CURVE('',#1037,#1036,#556,.T.);
#1269=EDGE_CURVE('',#1037,#1031,#557,.T.);
#1270=EDGE_CURVE('',#1038,#1037,#558,.T.);
#1271=EDGE_CURVE('',#1038,#1032,#559,.T.);
#1272=EDGE_CURVE('',#1035,#1038,#560,.T.);
#1273=EDGE_CURVE('',#1039,#1040,#561,.T.);
#1274=EDGE_CURVE('',#1041,#1039,#143,.T.);
#1275=EDGE_CURVE('',#1042,#1041,#562,.T.);
#1276=EDGE_CURVE('',#1043,#1042,#144,.T.);
#1277=EDGE_CURVE('',#1044,#1043,#563,.T.);
#1278=EDGE_CURVE('',#1045,#1044,#145,.T.);
#1279=EDGE_CURVE('',#1046,#1045,#564,.T.);
#1280=EDGE_CURVE('',#1040,#1046,#146,.T.);
#1281=EDGE_CURVE('',#1047,#1047,#147,.T.);
#1282=EDGE_CURVE('',#1048,#1048,#148,.T.);
#1283=EDGE_CURVE('',#1049,#1049,#149,.T.);
#1284=EDGE_CURVE('',#1050,#1050,#150,.T.);
#1285=EDGE_CURVE('',#1048,#1051,#565,.T.);
#1286=EDGE_CURVE('',#1051,#1051,#151,.T.);
#1287=EDGE_CURVE('',#1049,#1052,#566,.T.);
#1288=EDGE_CURVE('',#1052,#1052,#152,.T.);
#1289=EDGE_CURVE('',#1047,#1053,#567,.T.);
#1290=EDGE_CURVE('',#1053,#1053,#153,.T.);
#1291=EDGE_CURVE('',#1050,#1054,#568,.T.);
#1292=EDGE_CURVE('',#1054,#1054,#154,.T.);
#1293=EDGE_CURVE('',#1055,#1043,#155,.T.);
#1294=EDGE_CURVE('',#1042,#1056,#156,.T.);
#1295=EDGE_CURVE('',#1056,#1055,#157,.T.);
#1296=EDGE_CURVE('',#1041,#1057,#158,.T.);
#1297=EDGE_CURVE('',#1057,#1056,#569,.T.);
#1298=EDGE_CURVE('',#1039,#1058,#159,.T.);
#1299=EDGE_CURVE('',#1058,#1057,#160,.T.);
#1300=EDGE_CURVE('',#1040,#1059,#161,.T.);
#1301=EDGE_CURVE('',#1059,#1058,#570,.T.);
#1302=EDGE_CURVE('',#1046,#1060,#162,.T.);
#1303=EDGE_CURVE('',#1060,#1059,#163,.T.);
#1304=EDGE_CURVE('',#1045,#1061,#164,.T.);
#1305=EDGE_CURVE('',#1061,#1060,#571,.T.);
#1306=EDGE_CURVE('',#1044,#1062,#165,.T.);
#1307=EDGE_CURVE('',#1062,#1061,#166,.T.);
#1308=EDGE_CURVE('',#1055,#1062,#572,.T.);
#1309=EDGE_CURVE('',#1063,#1061,#573,.T.);
#1310=EDGE_CURVE('',#1064,#1063,#574,.T.);
#1311=EDGE_CURVE('',#1060,#1064,#575,.T.);
#1312=EDGE_CURVE('',#1062,#1065,#576,.T.);
#1313=EDGE_CURVE('',#1065,#1063,#167,.T.);
#1314=EDGE_CURVE('',#1066,#1055,#577,.T.);
#1315=EDGE_CURVE('',#1065,#1066,#578,.T.);
#1316=EDGE_CURVE('',#1056,#1067,#579,.T.);
#1317=EDGE_CURVE('',#1067,#1066,#168,.T.);
#1318=EDGE_CURVE('',#1064,#1068,#169,.T.);
#1319=EDGE_CURVE('',#1068,#1059,#580,.T.);
#1320=EDGE_CURVE('',#1069,#1068,#581,.T.);
#1321=EDGE_CURVE('',#1058,#1069,#582,.T.);
#1322=EDGE_CURVE('',#1069,#1070,#170,.T.);
#1323=EDGE_CURVE('',#1070,#1057,#583,.T.);
#1324=EDGE_CURVE('',#1067,#1070,#584,.T.);
#1325=EDGE_CURVE('',#1071,#1072,#171,.T.);
#1326=EDGE_CURVE('',#1072,#1073,#585,.T.);
#1327=EDGE_CURVE('',#1073,#1074,#172,.T.);
#1328=EDGE_CURVE('',#1074,#1075,#586,.T.);
#1329=EDGE_CURVE('',#1075,#1076,#173,.T.);
#1330=EDGE_CURVE('',#1076,#1077,#587,.T.);
#1331=EDGE_CURVE('',#1077,#1078,#174,.T.);
#1332=EDGE_CURVE('',#1078,#1071,#588,.T.);
#1333=EDGE_CURVE('',#1079,#1080,#589,.T.);
#1334=EDGE_CURVE('',#1080,#1081,#175,.T.);
#1335=EDGE_CURVE('',#1081,#1082,#590,.T.);
#1336=EDGE_CURVE('',#1082,#1083,#176,.T.);
#1337=EDGE_CURVE('',#1083,#1084,#591,.T.);
#1338=EDGE_CURVE('',#1084,#1085,#177,.T.);
#1339=EDGE_CURVE('',#1085,#1086,#592,.T.);
#1340=EDGE_CURVE('',#1086,#1079,#178,.T.);
#1341=EDGE_CURVE('',#1087,#1088,#593,.T.);
#1342=EDGE_CURVE('',#1088,#1089,#179,.T.);
#1343=EDGE_CURVE('',#1089,#1090,#594,.T.);
#1344=EDGE_CURVE('',#1090,#1091,#180,.T.);
#1345=EDGE_CURVE('',#1091,#1092,#595,.T.);
#1346=EDGE_CURVE('',#1092,#1093,#181,.T.);
#1347=EDGE_CURVE('',#1093,#1094,#596,.T.);
#1348=EDGE_CURVE('',#1094,#1087,#182,.T.);
#1349=EDGE_CURVE('',#1095,#1096,#597,.T.);
#1350=EDGE_CURVE('',#1096,#1097,#183,.T.);
#1351=EDGE_CURVE('',#1097,#1098,#598,.T.);
#1352=EDGE_CURVE('',#1098,#1099,#184,.T.);
#1353=EDGE_CURVE('',#1099,#1100,#599,.T.);
#1354=EDGE_CURVE('',#1100,#1101,#185,.T.);
#1355=EDGE_CURVE('',#1101,#1102,#600,.T.);
#1356=EDGE_CURVE('',#1102,#1095,#186,.T.);
#1357=EDGE_CURVE('',#1103,#1104,#601,.T.);
#1358=EDGE_CURVE('',#1104,#1105,#187,.T.);
#1359=EDGE_CURVE('',#1105,#1106,#602,.T.);
#1360=EDGE_CURVE('',#1106,#1107,#188,.T.);
#1361=EDGE_CURVE('',#1107,#1108,#603,.T.);
#1362=EDGE_CURVE('',#1108,#1109,#189,.T.);
#1363=EDGE_CURVE('',#1109,#1110,#604,.T.);
#1364=EDGE_CURVE('',#1110,#1103,#190,.T.);
#1365=EDGE_CURVE('',#1111,#1112,#191,.T.);
#1366=EDGE_CURVE('',#1112,#1113,#605,.T.);
#1367=EDGE_CURVE('',#1113,#1114,#192,.T.);
#1368=EDGE_CURVE('',#1114,#1115,#606,.T.);
#1369=EDGE_CURVE('',#1115,#1116,#193,.T.);
#1370=EDGE_CURVE('',#1116,#1117,#607,.T.);
#1371=EDGE_CURVE('',#1117,#1118,#194,.T.);
#1372=EDGE_CURVE('',#1118,#1111,#608,.T.);
#1373=EDGE_CURVE('',#1119,#1120,#609,.T.);
#1374=EDGE_CURVE('',#1120,#1121,#195,.T.);
#1375=EDGE_CURVE('',#1121,#1122,#610,.T.);
#1376=EDGE_CURVE('',#1122,#1123,#196,.T.);
#1377=EDGE_CURVE('',#1123,#1124,#611,.T.);
#1378=EDGE_CURVE('',#1124,#1125,#197,.T.);
#1379=EDGE_CURVE('',#1125,#1126,#612,.T.);
#1380=EDGE_CURVE('',#1126,#1119,#198,.T.);
#1381=EDGE_CURVE('',#1127,#1128,#613,.T.);
#1382=EDGE_CURVE('',#1128,#1129,#199,.T.);
#1383=EDGE_CURVE('',#1129,#1130,#614,.T.);
#1384=EDGE_CURVE('',#1130,#1131,#200,.T.);
#1385=EDGE_CURVE('',#1131,#1132,#615,.T.);
#1386=EDGE_CURVE('',#1132,#1133,#201,.T.);
#1387=EDGE_CURVE('',#1133,#1134,#616,.T.);
#1388=EDGE_CURVE('',#1134,#1127,#202,.T.);
#1389=EDGE_CURVE('',#1135,#1136,#617,.T.);
#1390=EDGE_CURVE('',#1136,#1137,#203,.T.);
#1391=EDGE_CURVE('',#1137,#1138,#618,.T.);
#1392=EDGE_CURVE('',#1138,#1139,#204,.T.);
#1393=EDGE_CURVE('',#1139,#1140,#619,.T.);
#1394=EDGE_CURVE('',#1140,#1141,#205,.T.);
#1395=EDGE_CURVE('',#1141,#1142,#620,.T.);
#1396=EDGE_CURVE('',#1142,#1135,#206,.T.);
#1397=EDGE_CURVE('',#1143,#1144,#621,.T.);
#1398=EDGE_CURVE('',#1144,#1145,#207,.T.);
#1399=EDGE_CURVE('',#1145,#1146,#622,.T.);
#1400=EDGE_CURVE('',#1146,#1147,#208,.T.);
#1401=EDGE_CURVE('',#1147,#1148,#623,.T.);
#1402=EDGE_CURVE('',#1148,#1149,#209,.T.);
#1403=EDGE_CURVE('',#1149,#1150,#624,.T.);
#1404=EDGE_CURVE('',#1150,#1143,#210,.T.);
#1405=EDGE_CURVE('',#1016,#1148,#625,.T.);
#1406=EDGE_CURVE('',#1017,#1147,#626,.T.);
#1407=EDGE_CURVE('',#1018,#1146,#627,.T.);
#1408=EDGE_CURVE('',#1019,#1145,#628,.T.);
#1409=EDGE_CURVE('',#1012,#1144,#629,.T.);
#1410=EDGE_CURVE('',#1013,#1143,#630,.T.);
#1411=EDGE_CURVE('',#1015,#1149,#631,.T.);
#1412=EDGE_CURVE('',#1014,#1150,#632,.T.);
#1413=EDGE_CURVE('',#944,#1076,#633,.T.);
#1414=EDGE_CURVE('',#945,#1075,#634,.T.);
#1415=EDGE_CURVE('',#946,#1074,#635,.T.);
#1416=EDGE_CURVE('',#947,#1073,#636,.T.);
#1417=EDGE_CURVE('',#940,#1072,#637,.T.);
#1418=EDGE_CURVE('',#941,#1071,#638,.T.);
#1419=EDGE_CURVE('',#943,#1077,#639,.T.);
#1420=EDGE_CURVE('',#942,#1078,#640,.T.);
#1421=EDGE_CURVE('',#1008,#1140,#641,.T.);
#1422=EDGE_CURVE('',#1009,#1139,#642,.T.);
#1423=EDGE_CURVE('',#1010,#1138,#643,.T.);
#1424=EDGE_CURVE('',#1011,#1137,#644,.T.);
#1425=EDGE_CURVE('',#1004,#1136,#645,.T.);
#1426=EDGE_CURVE('',#1005,#1135,#646,.T.);
#1427=EDGE_CURVE('',#1007,#1141,#647,.T.);
#1428=EDGE_CURVE('',#1006,#1142,#648,.T.);
#1429=EDGE_CURVE('',#1000,#1084,#649,.T.);
#1430=EDGE_CURVE('',#1001,#1083,#650,.T.);
#1431=EDGE_CURVE('',#1002,#1082,#651,.T.);
#1432=EDGE_CURVE('',#1003,#1081,#652,.T.);
#1433=EDGE_CURVE('',#996,#1080,#653,.T.);
#1434=EDGE_CURVE('',#997,#1079,#654,.T.);
#1435=EDGE_CURVE('',#999,#1085,#655,.T.);
#1436=EDGE_CURVE('',#998,#1086,#656,.T.);
#1437=EDGE_CURVE('',#992,#1132,#657,.T.);
#1438=EDGE_CURVE('',#993,#1131,#658,.T.);
#1439=EDGE_CURVE('',#994,#1130,#659,.T.);
#1440=EDGE_CURVE('',#995,#1129,#660,.T.);
#1441=EDGE_CURVE('',#988,#1128,#661,.T.);
#1442=EDGE_CURVE('',#989,#1127,#662,.T.);
#1443=EDGE_CURVE('',#991,#1133,#663,.T.);
#1444=EDGE_CURVE('',#990,#1134,#664,.T.);
#1445=EDGE_CURVE('',#984,#1092,#665,.T.);
#1446=EDGE_CURVE('',#985,#1091,#666,.T.);
#1447=EDGE_CURVE('',#986,#1090,#667,.T.);
#1448=EDGE_CURVE('',#987,#1089,#668,.T.);
#1449=EDGE_CURVE('',#980,#1088,#669,.T.);
#1450=EDGE_CURVE('',#981,#1087,#670,.T.);
#1451=EDGE_CURVE('',#983,#1093,#671,.T.);
#1452=EDGE_CURVE('',#982,#1094,#672,.T.);
#1453=EDGE_CURVE('',#976,#1124,#673,.T.);
#1454=EDGE_CURVE('',#977,#1123,#674,.T.);
#1455=EDGE_CURVE('',#978,#1122,#675,.T.);
#1456=EDGE_CURVE('',#979,#1121,#676,.T.);
#1457=EDGE_CURVE('',#972,#1120,#677,.T.);
#1458=EDGE_CURVE('',#973,#1119,#678,.T.);
#1459=EDGE_CURVE('',#975,#1125,#679,.T.);
#1460=EDGE_CURVE('',#974,#1126,#680,.T.);
#1461=EDGE_CURVE('',#968,#1116,#681,.T.);
#1462=EDGE_CURVE('',#969,#1115,#682,.T.);
#1463=EDGE_CURVE('',#970,#1114,#683,.T.);
#1464=EDGE_CURVE('',#971,#1113,#684,.T.);
#1465=EDGE_CURVE('',#964,#1112,#685,.T.);
#1466=EDGE_CURVE('',#965,#1111,#686,.T.);
#1467=EDGE_CURVE('',#967,#1117,#687,.T.);
#1468=EDGE_CURVE('',#966,#1118,#688,.T.);
#1469=EDGE_CURVE('',#960,#1108,#689,.T.);
#1470=EDGE_CURVE('',#961,#1107,#690,.T.);
#1471=EDGE_CURVE('',#962,#1106,#691,.T.);
#1472=EDGE_CURVE('',#963,#1105,#692,.T.);
#1473=EDGE_CURVE('',#956,#1104,#693,.T.);
#1474=EDGE_CURVE('',#957,#1103,#694,.T.);
#1475=EDGE_CURVE('',#959,#1109,#695,.T.);
#1476=EDGE_CURVE('',#958,#1110,#696,.T.);
#1477=EDGE_CURVE('',#952,#1100,#697,.T.);
#1478=EDGE_CURVE('',#953,#1099,#698,.T.);
#1479=EDGE_CURVE('',#954,#1098,#699,.T.);
#1480=EDGE_CURVE('',#955,#1097,#700,.T.);
#1481=EDGE_CURVE('',#948,#1096,#701,.T.);
#1482=EDGE_CURVE('',#949,#1095,#702,.T.);
#1483=EDGE_CURVE('',#951,#1101,#703,.T.);
#1484=EDGE_CURVE('',#950,#1102,#704,.T.);
#1485=ORIENTED_EDGE('',*,*,#1151,.F.);
#1486=ORIENTED_EDGE('',*,*,#1152,.F.);
#1487=ORIENTED_EDGE('',*,*,#1153,.F.);
#1488=ORIENTED_EDGE('',*,*,#1154,.T.);
#1489=ORIENTED_EDGE('',*,*,#1153,.T.);
#1490=ORIENTED_EDGE('',*,*,#1155,.F.);
#1491=ORIENTED_EDGE('',*,*,#1156,.T.);
#1492=ORIENTED_EDGE('',*,*,#1157,.T.);
#1493=ORIENTED_EDGE('',*,*,#1152,.T.);
#1494=ORIENTED_EDGE('',*,*,#1158,.T.);
#1495=ORIENTED_EDGE('',*,*,#1159,.T.);
#1496=ORIENTED_EDGE('',*,*,#1160,.T.);
#1497=ORIENTED_EDGE('',*,*,#1161,.T.);
#1498=ORIENTED_EDGE('',*,*,#1155,.T.);
#1499=ORIENTED_EDGE('',*,*,#1162,.T.);
#1500=ORIENTED_EDGE('',*,*,#1163,.T.);
#1501=ORIENTED_EDGE('',*,*,#1164,.T.);
#1502=ORIENTED_EDGE('',*,*,#1165,.T.);
#1503=ORIENTED_EDGE('',*,*,#1166,.T.);
#1504=ORIENTED_EDGE('',*,*,#1167,.T.);
#1505=ORIENTED_EDGE('',*,*,#1168,.T.);
#1506=ORIENTED_EDGE('',*,*,#1169,.T.);
#1507=ORIENTED_EDGE('',*,*,#1170,.T.);
#1508=ORIENTED_EDGE('',*,*,#1171,.T.);
#1509=ORIENTED_EDGE('',*,*,#1172,.T.);
#1510=ORIENTED_EDGE('',*,*,#1173,.T.);
#1511=ORIENTED_EDGE('',*,*,#1174,.T.);
#1512=ORIENTED_EDGE('',*,*,#1175,.T.);
#1513=ORIENTED_EDGE('',*,*,#1176,.T.);
#1514=ORIENTED_EDGE('',*,*,#1177,.T.);
#1515=ORIENTED_EDGE('',*,*,#1178,.T.);
#1516=ORIENTED_EDGE('',*,*,#1179,.T.);
#1517=ORIENTED_EDGE('',*,*,#1180,.T.);
#1518=ORIENTED_EDGE('',*,*,#1181,.T.);
#1519=ORIENTED_EDGE('',*,*,#1182,.T.);
#1520=ORIENTED_EDGE('',*,*,#1183,.T.);
#1521=ORIENTED_EDGE('',*,*,#1184,.T.);
#1522=ORIENTED_EDGE('',*,*,#1185,.T.);
#1523=ORIENTED_EDGE('',*,*,#1186,.T.);
#1524=ORIENTED_EDGE('',*,*,#1187,.T.);
#1525=ORIENTED_EDGE('',*,*,#1188,.T.);
#1526=ORIENTED_EDGE('',*,*,#1189,.T.);
#1527=ORIENTED_EDGE('',*,*,#1190,.T.);
#1528=ORIENTED_EDGE('',*,*,#1191,.T.);
#1529=ORIENTED_EDGE('',*,*,#1192,.T.);
#1530=ORIENTED_EDGE('',*,*,#1193,.T.);
#1531=ORIENTED_EDGE('',*,*,#1194,.T.);
#1532=ORIENTED_EDGE('',*,*,#1195,.T.);
#1533=ORIENTED_EDGE('',*,*,#1196,.T.);
#1534=ORIENTED_EDGE('',*,*,#1197,.T.);
#1535=ORIENTED_EDGE('',*,*,#1198,.T.);
#1536=ORIENTED_EDGE('',*,*,#1199,.T.);
#1537=ORIENTED_EDGE('',*,*,#1200,.T.);
#1538=ORIENTED_EDGE('',*,*,#1201,.T.);
#1539=ORIENTED_EDGE('',*,*,#1202,.T.);
#1540=ORIENTED_EDGE('',*,*,#1203,.T.);
#1541=ORIENTED_EDGE('',*,*,#1204,.T.);
#1542=ORIENTED_EDGE('',*,*,#1205,.T.);
#1543=ORIENTED_EDGE('',*,*,#1206,.T.);
#1544=ORIENTED_EDGE('',*,*,#1207,.T.);
#1545=ORIENTED_EDGE('',*,*,#1208,.T.);
#1546=ORIENTED_EDGE('',*,*,#1209,.T.);
#1547=ORIENTED_EDGE('',*,*,#1210,.T.);
#1548=ORIENTED_EDGE('',*,*,#1211,.T.);
#1549=ORIENTED_EDGE('',*,*,#1212,.T.);
#1550=ORIENTED_EDGE('',*,*,#1213,.T.);
#1551=ORIENTED_EDGE('',*,*,#1214,.T.);
#1552=ORIENTED_EDGE('',*,*,#1215,.T.);
#1553=ORIENTED_EDGE('',*,*,#1216,.T.);
#1554=ORIENTED_EDGE('',*,*,#1217,.T.);
#1555=ORIENTED_EDGE('',*,*,#1218,.T.);
#1556=ORIENTED_EDGE('',*,*,#1219,.T.);
#1557=ORIENTED_EDGE('',*,*,#1220,.T.);
#1558=ORIENTED_EDGE('',*,*,#1221,.T.);
#1559=ORIENTED_EDGE('',*,*,#1222,.T.);
#1560=ORIENTED_EDGE('',*,*,#1223,.T.);
#1561=ORIENTED_EDGE('',*,*,#1224,.T.);
#1562=ORIENTED_EDGE('',*,*,#1225,.T.);
#1563=ORIENTED_EDGE('',*,*,#1226,.T.);
#1564=ORIENTED_EDGE('',*,*,#1227,.T.);
#1565=ORIENTED_EDGE('',*,*,#1228,.T.);
#1566=ORIENTED_EDGE('',*,*,#1229,.T.);
#1567=ORIENTED_EDGE('',*,*,#1230,.T.);
#1568=ORIENTED_EDGE('',*,*,#1231,.T.);
#1569=ORIENTED_EDGE('',*,*,#1232,.T.);
#1570=ORIENTED_EDGE('',*,*,#1233,.T.);
#1571=ORIENTED_EDGE('',*,*,#1234,.T.);
#1572=ORIENTED_EDGE('',*,*,#1235,.T.);
#1573=ORIENTED_EDGE('',*,*,#1236,.T.);
#1574=ORIENTED_EDGE('',*,*,#1237,.T.);
#1575=ORIENTED_EDGE('',*,*,#1238,.T.);
#1576=ORIENTED_EDGE('',*,*,#1239,.T.);
#1577=ORIENTED_EDGE('',*,*,#1240,.T.);
#1578=ORIENTED_EDGE('',*,*,#1241,.T.);
#1579=ORIENTED_EDGE('',*,*,#1151,.T.);
#1580=ORIENTED_EDGE('',*,*,#1242,.T.);
#1581=ORIENTED_EDGE('',*,*,#1243,.F.);
#1582=ORIENTED_EDGE('',*,*,#1158,.F.);
#1583=ORIENTED_EDGE('',*,*,#1244,.F.);
#1584=ORIENTED_EDGE('',*,*,#1245,.T.);
#1585=ORIENTED_EDGE('',*,*,#1246,.F.);
#1586=ORIENTED_EDGE('',*,*,#1160,.F.);
#1587=ORIENTED_EDGE('',*,*,#1246,.T.);
#1588=ORIENTED_EDGE('',*,*,#1247,.T.);
#1589=ORIENTED_EDGE('',*,*,#1156,.F.);
#1590=ORIENTED_EDGE('',*,*,#1161,.F.);
#1591=ORIENTED_EDGE('',*,*,#1243,.T.);
#1592=ORIENTED_EDGE('',*,*,#1248,.T.);
#1593=ORIENTED_EDGE('',*,*,#1244,.T.);
#1594=ORIENTED_EDGE('',*,*,#1159,.F.);
#1595=ORIENTED_EDGE('',*,*,#1249,.F.);
#1596=ORIENTED_EDGE('',*,*,#1250,.F.);
#1597=ORIENTED_EDGE('',*,*,#1251,.F.);
#1598=ORIENTED_EDGE('',*,*,#1252,.F.);
#1599=ORIENTED_EDGE('',*,*,#1253,.F.);
#1600=ORIENTED_EDGE('',*,*,#1254,.F.);
#1601=ORIENTED_EDGE('',*,*,#1251,.T.);
#1602=ORIENTED_EDGE('',*,*,#1255,.F.);
#1603=ORIENTED_EDGE('',*,*,#1256,.F.);
#1604=ORIENTED_EDGE('',*,*,#1257,.F.);
#1605=ORIENTED_EDGE('',*,*,#1249,.T.);
#1606=ORIENTED_EDGE('',*,*,#1258,.F.);
#1607=ORIENTED_EDGE('',*,*,#1257,.T.);
#1608=ORIENTED_EDGE('',*,*,#1259,.T.);
#1609=ORIENTED_EDGE('',*,*,#1255,.T.);
#1610=ORIENTED_EDGE('',*,*,#1250,.T.);
#1611=ORIENTED_EDGE('',*,*,#1260,.T.);
#1612=ORIENTED_EDGE('',*,*,#1261,.T.);
#1613=ORIENTED_EDGE('',*,*,#1262,.T.);
#1614=ORIENTED_EDGE('',*,*,#1263,.T.);
#1615=ORIENTED_EDGE('',*,*,#1256,.T.);
#1616=ORIENTED_EDGE('',*,*,#1264,.T.);
#1617=ORIENTED_EDGE('',*,*,#1253,.T.);
#1618=ORIENTED_EDGE('',*,*,#1259,.F.);
#1619=ORIENTED_EDGE('',*,*,#1262,.F.);
#1620=ORIENTED_EDGE('',*,*,#1265,.F.);
#1621=ORIENTED_EDGE('',*,*,#1266,.F.);
#1622=ORIENTED_EDGE('',*,*,#1267,.T.);
#1623=ORIENTED_EDGE('',*,*,#1263,.F.);
#1624=ORIENTED_EDGE('',*,*,#1267,.F.);
#1625=ORIENTED_EDGE('',*,*,#1268,.F.);
#1626=ORIENTED_EDGE('',*,*,#1269,.T.);
#1627=ORIENTED_EDGE('',*,*,#1260,.F.);
#1628=ORIENTED_EDGE('',*,*,#1269,.F.);
#1629=ORIENTED_EDGE('',*,*,#1270,.F.);
#1630=ORIENTED_EDGE('',*,*,#1271,.T.);
#1631=ORIENTED_EDGE('',*,*,#1261,.F.);
#1632=ORIENTED_EDGE('',*,*,#1271,.F.);
#1633=ORIENTED_EDGE('',*,*,#1272,.F.);
#1634=ORIENTED_EDGE('',*,*,#1265,.T.);
#1635=ORIENTED_EDGE('',*,*,#1273,.F.);
#1636=ORIENTED_EDGE('',*,*,#1274,.F.);
#1637=ORIENTED_EDGE('',*,*,#1275,.F.);
#1638=ORIENTED_EDGE('',*,*,#1276,.F.);
#1639=ORIENTED_EDGE('',*,*,#1277,.F.);
#1640=ORIENTED_EDGE('',*,*,#1278,.F.);
#1641=ORIENTED_EDGE('',*,*,#1279,.F.);
#1642=ORIENTED_EDGE('',*,*,#1280,.F.);
#1643=ORIENTED_EDGE('',*,*,#1245,.F.);
#1644=ORIENTED_EDGE('',*,*,#1248,.F.);
#1645=ORIENTED_EDGE('',*,*,#1242,.F.);
#1646=ORIENTED_EDGE('',*,*,#1154,.F.);
#1647=ORIENTED_EDGE('',*,*,#1157,.F.);
#1648=ORIENTED_EDGE('',*,*,#1247,.F.);
#1649=ORIENTED_EDGE('',*,*,#1270,.T.);
#1650=ORIENTED_EDGE('',*,*,#1268,.T.);
#1651=ORIENTED_EDGE('',*,*,#1266,.T.);
#1652=ORIENTED_EDGE('',*,*,#1272,.T.);
#1653=ORIENTED_EDGE('',*,*,#1281,.T.);
#1654=ORIENTED_EDGE('',*,*,#1282,.T.);
#1655=ORIENTED_EDGE('',*,*,#1283,.T.);
#1656=ORIENTED_EDGE('',*,*,#1284,.T.);
#1657=ORIENTED_EDGE('',*,*,#1282,.F.);
#1658=ORIENTED_EDGE('',*,*,#1285,.T.);
#1659=ORIENTED_EDGE('',*,*,#1286,.F.);
#1660=ORIENTED_EDGE('',*,*,#1285,.F.);
#1661=ORIENTED_EDGE('',*,*,#1283,.F.);
#1662=ORIENTED_EDGE('',*,*,#1287,.T.);
#1663=ORIENTED_EDGE('',*,*,#1288,.F.);
#1664=ORIENTED_EDGE('',*,*,#1287,.F.);
#1665=ORIENTED_EDGE('',*,*,#1281,.F.);
#1666=ORIENTED_EDGE('',*,*,#1289,.T.);
#1667=ORIENTED_EDGE('',*,*,#1290,.F.);
#1668=ORIENTED_EDGE('',*,*,#1289,.F.);
#1669=ORIENTED_EDGE('',*,*,#1284,.F.);
#1670=ORIENTED_EDGE('',*,*,#1291,.T.);
#1671=ORIENTED_EDGE('',*,*,#1292,.F.);
#1672=ORIENTED_EDGE('',*,*,#1291,.F.);
#1673=ORIENTED_EDGE('',*,*,#1293,.T.);
#1674=ORIENTED_EDGE('',*,*,#1276,.T.);
#1675=ORIENTED_EDGE('',*,*,#1294,.T.);
#1676=ORIENTED_EDGE('',*,*,#1295,.T.);
#1677=ORIENTED_EDGE('',*,*,#1296,.T.);
#1678=ORIENTED_EDGE('',*,*,#1297,.T.);
#1679=ORIENTED_EDGE('',*,*,#1294,.F.);
#1680=ORIENTED_EDGE('',*,*,#1275,.T.);
#1681=ORIENTED_EDGE('',*,*,#1298,.T.);
#1682=ORIENTED_EDGE('',*,*,#1299,.T.);
#1683=ORIENTED_EDGE('',*,*,#1296,.F.);
#1684=ORIENTED_EDGE('',*,*,#1274,.T.);
#1685=ORIENTED_EDGE('',*,*,#1300,.T.);
#1686=ORIENTED_EDGE('',*,*,#1301,.T.);
#1687=ORIENTED_EDGE('',*,*,#1298,.F.);
#1688=ORIENTED_EDGE('',*,*,#1273,.T.);
#1689=ORIENTED_EDGE('',*,*,#1302,.T.);
#1690=ORIENTED_EDGE('',*,*,#1303,.T.);
#1691=ORIENTED_EDGE('',*,*,#1300,.F.);
#1692=ORIENTED_EDGE('',*,*,#1280,.T.);
#1693=ORIENTED_EDGE('',*,*,#1304,.T.);
#1694=ORIENTED_EDGE('',*,*,#1305,.T.);
#1695=ORIENTED_EDGE('',*,*,#1302,.F.);
#1696=ORIENTED_EDGE('',*,*,#1279,.T.);
#1697=ORIENTED_EDGE('',*,*,#1306,.T.);
#1698=ORIENTED_EDGE('',*,*,#1307,.T.);
#1699=ORIENTED_EDGE('',*,*,#1304,.F.);
#1700=ORIENTED_EDGE('',*,*,#1278,.T.);
#1701=ORIENTED_EDGE('',*,*,#1306,.F.);
#1702=ORIENTED_EDGE('',*,*,#1277,.T.);
#1703=ORIENTED_EDGE('',*,*,#1293,.F.);
#1704=ORIENTED_EDGE('',*,*,#1308,.T.);
#1705=ORIENTED_EDGE('',*,*,#1305,.F.);
#1706=ORIENTED_EDGE('',*,*,#1309,.F.);
#1707=ORIENTED_EDGE('',*,*,#1310,.F.);
#1708=ORIENTED_EDGE('',*,*,#1311,.F.);
#1709=ORIENTED_EDGE('',*,*,#1307,.F.);
#1710=ORIENTED_EDGE('',*,*,#1312,.T.);
#1711=ORIENTED_EDGE('',*,*,#1313,.T.);
#1712=ORIENTED_EDGE('',*,*,#1309,.T.);
#1713=ORIENTED_EDGE('',*,*,#1308,.F.);
#1714=ORIENTED_EDGE('',*,*,#1314,.F.);
#1715=ORIENTED_EDGE('',*,*,#1315,.F.);
#1716=ORIENTED_EDGE('',*,*,#1312,.F.);
#1717=ORIENTED_EDGE('',*,*,#1295,.F.);
#1718=ORIENTED_EDGE('',*,*,#1316,.T.);
#1719=ORIENTED_EDGE('',*,*,#1317,.T.);
#1720=ORIENTED_EDGE('',*,*,#1314,.T.);
#1721=ORIENTED_EDGE('',*,*,#1303,.F.);
#1722=ORIENTED_EDGE('',*,*,#1311,.T.);
#1723=ORIENTED_EDGE('',*,*,#1318,.T.);
#1724=ORIENTED_EDGE('',*,*,#1319,.T.);
#1725=ORIENTED_EDGE('',*,*,#1301,.F.);
#1726=ORIENTED_EDGE('',*,*,#1319,.F.);
#1727=ORIENTED_EDGE('',*,*,#1320,.F.);
#1728=ORIENTED_EDGE('',*,*,#1321,.F.);
#1729=ORIENTED_EDGE('',*,*,#1299,.F.);
#1730=ORIENTED_EDGE('',*,*,#1321,.T.);
#1731=ORIENTED_EDGE('',*,*,#1322,.T.);
#1732=ORIENTED_EDGE('',*,*,#1323,.T.);
#1733=ORIENTED_EDGE('',*,*,#1297,.F.);
#1734=ORIENTED_EDGE('',*,*,#1323,.F.);
#1735=ORIENTED_EDGE('',*,*,#1324,.F.);
#1736=ORIENTED_EDGE('',*,*,#1316,.F.);
#1737=ORIENTED_EDGE('',*,*,#1318,.F.);
#1738=ORIENTED_EDGE('',*,*,#1310,.T.);
#1739=ORIENTED_EDGE('',*,*,#1313,.F.);
#1740=ORIENTED_EDGE('',*,*,#1315,.T.);
#1741=ORIENTED_EDGE('',*,*,#1317,.F.);
#1742=ORIENTED_EDGE('',*,*,#1324,.T.);
#1743=ORIENTED_EDGE('',*,*,#1322,.F.);
#1744=ORIENTED_EDGE('',*,*,#1320,.T.);
#1745=ORIENTED_EDGE('',*,*,#1258,.T.);
#1746=ORIENTED_EDGE('',*,*,#1252,.T.);
#1747=ORIENTED_EDGE('',*,*,#1254,.T.);
#1748=ORIENTED_EDGE('',*,*,#1264,.F.);
#1749=ORIENTED_EDGE('',*,*,#1288,.T.);
#1750=ORIENTED_EDGE('',*,*,#1292,.T.);
#1751=ORIENTED_EDGE('',*,*,#1325,.T.);
#1752=ORIENTED_EDGE('',*,*,#1326,.T.);
#1753=ORIENTED_EDGE('',*,*,#1327,.T.);
#1754=ORIENTED_EDGE('',*,*,#1328,.T.);
#1755=ORIENTED_EDGE('',*,*,#1329,.T.);
#1756=ORIENTED_EDGE('',*,*,#1330,.T.);
#1757=ORIENTED_EDGE('',*,*,#1331,.T.);
#1758=ORIENTED_EDGE('',*,*,#1332,.T.);
#1759=ORIENTED_EDGE('',*,*,#1333,.T.);
#1760=ORIENTED_EDGE('',*,*,#1334,.T.);
#1761=ORIENTED_EDGE('',*,*,#1335,.T.);
#1762=ORIENTED_EDGE('',*,*,#1336,.T.);
#1763=ORIENTED_EDGE('',*,*,#1337,.T.);
#1764=ORIENTED_EDGE('',*,*,#1338,.T.);
#1765=ORIENTED_EDGE('',*,*,#1339,.T.);
#1766=ORIENTED_EDGE('',*,*,#1340,.T.);
#1767=ORIENTED_EDGE('',*,*,#1341,.T.);
#1768=ORIENTED_EDGE('',*,*,#1342,.T.);
#1769=ORIENTED_EDGE('',*,*,#1343,.T.);
#1770=ORIENTED_EDGE('',*,*,#1344,.T.);
#1771=ORIENTED_EDGE('',*,*,#1345,.T.);
#1772=ORIENTED_EDGE('',*,*,#1346,.T.);
#1773=ORIENTED_EDGE('',*,*,#1347,.T.);
#1774=ORIENTED_EDGE('',*,*,#1348,.T.);
#1775=ORIENTED_EDGE('',*,*,#1349,.T.);
#1776=ORIENTED_EDGE('',*,*,#1350,.T.);
#1777=ORIENTED_EDGE('',*,*,#1351,.T.);
#1778=ORIENTED_EDGE('',*,*,#1352,.T.);
#1779=ORIENTED_EDGE('',*,*,#1353,.T.);
#1780=ORIENTED_EDGE('',*,*,#1354,.T.);
#1781=ORIENTED_EDGE('',*,*,#1355,.T.);
#1782=ORIENTED_EDGE('',*,*,#1356,.T.);
#1783=ORIENTED_EDGE('',*,*,#1357,.T.);
#1784=ORIENTED_EDGE('',*,*,#1358,.T.);
#1785=ORIENTED_EDGE('',*,*,#1359,.T.);
#1786=ORIENTED_EDGE('',*,*,#1360,.T.);
#1787=ORIENTED_EDGE('',*,*,#1361,.T.);
#1788=ORIENTED_EDGE('',*,*,#1362,.T.);
#1789=ORIENTED_EDGE('',*,*,#1363,.T.);
#1790=ORIENTED_EDGE('',*,*,#1364,.T.);
#1791=ORIENTED_EDGE('',*,*,#1365,.T.);
#1792=ORIENTED_EDGE('',*,*,#1366,.T.);
#1793=ORIENTED_EDGE('',*,*,#1367,.T.);
#1794=ORIENTED_EDGE('',*,*,#1368,.T.);
#1795=ORIENTED_EDGE('',*,*,#1369,.T.);
#1796=ORIENTED_EDGE('',*,*,#1370,.T.);
#1797=ORIENTED_EDGE('',*,*,#1371,.T.);
#1798=ORIENTED_EDGE('',*,*,#1372,.T.);
#1799=ORIENTED_EDGE('',*,*,#1373,.T.);
#1800=ORIENTED_EDGE('',*,*,#1374,.T.);
#1801=ORIENTED_EDGE('',*,*,#1375,.T.);
#1802=ORIENTED_EDGE('',*,*,#1376,.T.);
#1803=ORIENTED_EDGE('',*,*,#1377,.T.);
#1804=ORIENTED_EDGE('',*,*,#1378,.T.);
#1805=ORIENTED_EDGE('',*,*,#1379,.T.);
#1806=ORIENTED_EDGE('',*,*,#1380,.T.);
#1807=ORIENTED_EDGE('',*,*,#1381,.T.);
#1808=ORIENTED_EDGE('',*,*,#1382,.T.);
#1809=ORIENTED_EDGE('',*,*,#1383,.T.);
#1810=ORIENTED_EDGE('',*,*,#1384,.T.);
#1811=ORIENTED_EDGE('',*,*,#1385,.T.);
#1812=ORIENTED_EDGE('',*,*,#1386,.T.);
#1813=ORIENTED_EDGE('',*,*,#1387,.T.);
#1814=ORIENTED_EDGE('',*,*,#1388,.T.);
#1815=ORIENTED_EDGE('',*,*,#1389,.T.);
#1816=ORIENTED_EDGE('',*,*,#1390,.T.);
#1817=ORIENTED_EDGE('',*,*,#1391,.T.);
#1818=ORIENTED_EDGE('',*,*,#1392,.T.);
#1819=ORIENTED_EDGE('',*,*,#1393,.T.);
#1820=ORIENTED_EDGE('',*,*,#1394,.T.);
#1821=ORIENTED_EDGE('',*,*,#1395,.T.);
#1822=ORIENTED_EDGE('',*,*,#1396,.T.);
#1823=ORIENTED_EDGE('',*,*,#1397,.T.);
#1824=ORIENTED_EDGE('',*,*,#1398,.T.);
#1825=ORIENTED_EDGE('',*,*,#1399,.T.);
#1826=ORIENTED_EDGE('',*,*,#1400,.T.);
#1827=ORIENTED_EDGE('',*,*,#1401,.T.);
#1828=ORIENTED_EDGE('',*,*,#1402,.T.);
#1829=ORIENTED_EDGE('',*,*,#1403,.T.);
#1830=ORIENTED_EDGE('',*,*,#1404,.T.);
#1831=ORIENTED_EDGE('',*,*,#1290,.T.);
#1832=ORIENTED_EDGE('',*,*,#1286,.T.);
#1833=ORIENTED_EDGE('',*,*,#1238,.F.);
#1834=ORIENTED_EDGE('',*,*,#1405,.T.);
#1835=ORIENTED_EDGE('',*,*,#1401,.F.);
#1836=ORIENTED_EDGE('',*,*,#1406,.F.);
#1837=ORIENTED_EDGE('',*,*,#1239,.F.);
#1838=ORIENTED_EDGE('',*,*,#1406,.T.);
#1839=ORIENTED_EDGE('',*,*,#1400,.F.);
#1840=ORIENTED_EDGE('',*,*,#1407,.F.);
#1841=ORIENTED_EDGE('',*,*,#1240,.F.);
#1842=ORIENTED_EDGE('',*,*,#1407,.T.);
#1843=ORIENTED_EDGE('',*,*,#1399,.F.);
#1844=ORIENTED_EDGE('',*,*,#1408,.F.);
#1845=ORIENTED_EDGE('',*,*,#1241,.F.);
#1846=ORIENTED_EDGE('',*,*,#1408,.T.);
#1847=ORIENTED_EDGE('',*,*,#1398,.F.);
#1848=ORIENTED_EDGE('',*,*,#1409,.F.);
#1849=ORIENTED_EDGE('',*,*,#1234,.F.);
#1850=ORIENTED_EDGE('',*,*,#1409,.T.);
#1851=ORIENTED_EDGE('',*,*,#1397,.F.);
#1852=ORIENTED_EDGE('',*,*,#1410,.F.);
#1853=ORIENTED_EDGE('',*,*,#1237,.F.);
#1854=ORIENTED_EDGE('',*,*,#1411,.T.);
#1855=ORIENTED_EDGE('',*,*,#1402,.F.);
#1856=ORIENTED_EDGE('',*,*,#1405,.F.);
#1857=ORIENTED_EDGE('',*,*,#1236,.F.);
#1858=ORIENTED_EDGE('',*,*,#1412,.T.);
#1859=ORIENTED_EDGE('',*,*,#1403,.F.);
#1860=ORIENTED_EDGE('',*,*,#1411,.F.);
#1861=ORIENTED_EDGE('',*,*,#1235,.F.);
#1862=ORIENTED_EDGE('',*,*,#1410,.T.);
#1863=ORIENTED_EDGE('',*,*,#1404,.F.);
#1864=ORIENTED_EDGE('',*,*,#1412,.F.);
#1865=ORIENTED_EDGE('',*,*,#1166,.F.);
#1866=ORIENTED_EDGE('',*,*,#1413,.T.);
#1867=ORIENTED_EDGE('',*,*,#1329,.F.);
#1868=ORIENTED_EDGE('',*,*,#1414,.F.);
#1869=ORIENTED_EDGE('',*,*,#1167,.F.);
#1870=ORIENTED_EDGE('',*,*,#1414,.T.);
#1871=ORIENTED_EDGE('',*,*,#1328,.F.);
#1872=ORIENTED_EDGE('',*,*,#1415,.F.);
#1873=ORIENTED_EDGE('',*,*,#1168,.F.);
#1874=ORIENTED_EDGE('',*,*,#1415,.T.);
#1875=ORIENTED_EDGE('',*,*,#1327,.F.);
#1876=ORIENTED_EDGE('',*,*,#1416,.F.);
#1877=ORIENTED_EDGE('',*,*,#1169,.F.);
#1878=ORIENTED_EDGE('',*,*,#1416,.T.);
#1879=ORIENTED_EDGE('',*,*,#1326,.F.);
#1880=ORIENTED_EDGE('',*,*,#1417,.F.);
#1881=ORIENTED_EDGE('',*,*,#1162,.F.);
#1882=ORIENTED_EDGE('',*,*,#1417,.T.);
#1883=ORIENTED_EDGE('',*,*,#1325,.F.);
#1884=ORIENTED_EDGE('',*,*,#1418,.F.);
#1885=ORIENTED_EDGE('',*,*,#1165,.F.);
#1886=ORIENTED_EDGE('',*,*,#1419,.T.);
#1887=ORIENTED_EDGE('',*,*,#1330,.F.);
#1888=ORIENTED_EDGE('',*,*,#1413,.F.);
#1889=ORIENTED_EDGE('',*,*,#1164,.F.);
#1890=ORIENTED_EDGE('',*,*,#1420,.T.);
#1891=ORIENTED_EDGE('',*,*,#1331,.F.);
#1892=ORIENTED_EDGE('',*,*,#1419,.F.);
#1893=ORIENTED_EDGE('',*,*,#1163,.F.);
#1894=ORIENTED_EDGE('',*,*,#1418,.T.);
#1895=ORIENTED_EDGE('',*,*,#1332,.F.);
#1896=ORIENTED_EDGE('',*,*,#1420,.F.);
#1897=ORIENTED_EDGE('',*,*,#1230,.F.);
#1898=ORIENTED_EDGE('',*,*,#1421,.T.);
#1899=ORIENTED_EDGE('',*,*,#1393,.F.);
#1900=ORIENTED_EDGE('',*,*,#1422,.F.);
#1901=ORIENTED_EDGE('',*,*,#1231,.F.);
#1902=ORIENTED_EDGE('',*,*,#1422,.T.);
#1903=ORIENTED_EDGE('',*,*,#1392,.F.);
#1904=ORIENTED_EDGE('',*,*,#1423,.F.);
#1905=ORIENTED_EDGE('',*,*,#1232,.F.);
#1906=ORIENTED_EDGE('',*,*,#1423,.T.);
#1907=ORIENTED_EDGE('',*,*,#1391,.F.);
#1908=ORIENTED_EDGE('',*,*,#1424,.F.);
#1909=ORIENTED_EDGE('',*,*,#1233,.F.);
#1910=ORIENTED_EDGE('',*,*,#1424,.T.);
#1911=ORIENTED_EDGE('',*,*,#1390,.F.);
#1912=ORIENTED_EDGE('',*,*,#1425,.F.);
#1913=ORIENTED_EDGE('',*,*,#1226,.F.);
#1914=ORIENTED_EDGE('',*,*,#1425,.T.);
#1915=ORIENTED_EDGE('',*,*,#1389,.F.);
#1916=ORIENTED_EDGE('',*,*,#1426,.F.);
#1917=ORIENTED_EDGE('',*,*,#1229,.F.);
#1918=ORIENTED_EDGE('',*,*,#1427,.T.);
#1919=ORIENTED_EDGE('',*,*,#1394,.F.);
#1920=ORIENTED_EDGE('',*,*,#1421,.F.);
#1921=ORIENTED_EDGE('',*,*,#1228,.F.);
#1922=ORIENTED_EDGE('',*,*,#1428,.T.);
#1923=ORIENTED_EDGE('',*,*,#1395,.F.);
#1924=ORIENTED_EDGE('',*,*,#1427,.F.);
#1925=ORIENTED_EDGE('',*,*,#1227,.F.);
#1926=ORIENTED_EDGE('',*,*,#1426,.T.);
#1927=ORIENTED_EDGE('',*,*,#1396,.F.);
#1928=ORIENTED_EDGE('',*,*,#1428,.F.);
#1929=ORIENTED_EDGE('',*,*,#1222,.F.);
#1930=ORIENTED_EDGE('',*,*,#1429,.T.);
#1931=ORIENTED_EDGE('',*,*,#1337,.F.);
#1932=ORIENTED_EDGE('',*,*,#1430,.F.);
#1933=ORIENTED_EDGE('',*,*,#1223,.F.);
#1934=ORIENTED_EDGE('',*,*,#1430,.T.);
#1935=ORIENTED_EDGE('',*,*,#1336,.F.);
#1936=ORIENTED_EDGE('',*,*,#1431,.F.);
#1937=ORIENTED_EDGE('',*,*,#1224,.F.);
#1938=ORIENTED_EDGE('',*,*,#1431,.T.);
#1939=ORIENTED_EDGE('',*,*,#1335,.F.);
#1940=ORIENTED_EDGE('',*,*,#1432,.F.);
#1941=ORIENTED_EDGE('',*,*,#1225,.F.);
#1942=ORIENTED_EDGE('',*,*,#1432,.T.);
#1943=ORIENTED_EDGE('',*,*,#1334,.F.);
#1944=ORIENTED_EDGE('',*,*,#1433,.F.);
#1945=ORIENTED_EDGE('',*,*,#1218,.F.);
#1946=ORIENTED_EDGE('',*,*,#1433,.T.);
#1947=ORIENTED_EDGE('',*,*,#1333,.F.);
#1948=ORIENTED_EDGE('',*,*,#1434,.F.);
#1949=ORIENTED_EDGE('',*,*,#1221,.F.);
#1950=ORIENTED_EDGE('',*,*,#1435,.T.);
#1951=ORIENTED_EDGE('',*,*,#1338,.F.);
#1952=ORIENTED_EDGE('',*,*,#1429,.F.);
#1953=ORIENTED_EDGE('',*,*,#1220,.F.);
#1954=ORIENTED_EDGE('',*,*,#1436,.T.);
#1955=ORIENTED_EDGE('',*,*,#1339,.F.);
#1956=ORIENTED_EDGE('',*,*,#1435,.F.);
#1957=ORIENTED_EDGE('',*,*,#1219,.F.);
#1958=ORIENTED_EDGE('',*,*,#1434,.T.);
#1959=ORIENTED_EDGE('',*,*,#1340,.F.);
#1960=ORIENTED_EDGE('',*,*,#1436,.F.);
#1961=ORIENTED_EDGE('',*,*,#1214,.F.);
#1962=ORIENTED_EDGE('',*,*,#1437,.T.);
#1963=ORIENTED_EDGE('',*,*,#1385,.F.);
#1964=ORIENTED_EDGE('',*,*,#1438,.F.);
#1965=ORIENTED_EDGE('',*,*,#1215,.F.);
#1966=ORIENTED_EDGE('',*,*,#1438,.T.);
#1967=ORIENTED_EDGE('',*,*,#1384,.F.);
#1968=ORIENTED_EDGE('',*,*,#1439,.F.);
#1969=ORIENTED_EDGE('',*,*,#1216,.F.);
#1970=ORIENTED_EDGE('',*,*,#1439,.T.);
#1971=ORIENTED_EDGE('',*,*,#1383,.F.);
#1972=ORIENTED_EDGE('',*,*,#1440,.F.);
#1973=ORIENTED_EDGE('',*,*,#1217,.F.);
#1974=ORIENTED_EDGE('',*,*,#1440,.T.);
#1975=ORIENTED_EDGE('',*,*,#1382,.F.);
#1976=ORIENTED_EDGE('',*,*,#1441,.F.);
#1977=ORIENTED_EDGE('',*,*,#1210,.F.);
#1978=ORIENTED_EDGE('',*,*,#1441,.T.);
#1979=ORIENTED_EDGE('',*,*,#1381,.F.);
#1980=ORIENTED_EDGE('',*,*,#1442,.F.);
#1981=ORIENTED_EDGE('',*,*,#1213,.F.);
#1982=ORIENTED_EDGE('',*,*,#1443,.T.);
#1983=ORIENTED_EDGE('',*,*,#1386,.F.);
#1984=ORIENTED_EDGE('',*,*,#1437,.F.);
#1985=ORIENTED_EDGE('',*,*,#1212,.F.);
#1986=ORIENTED_EDGE('',*,*,#1444,.T.);
#1987=ORIENTED_EDGE('',*,*,#1387,.F.);
#1988=ORIENTED_EDGE('',*,*,#1443,.F.);
#1989=ORIENTED_EDGE('',*,*,#1211,.F.);
#1990=ORIENTED_EDGE('',*,*,#1442,.T.);
#1991=ORIENTED_EDGE('',*,*,#1388,.F.);
#1992=ORIENTED_EDGE('',*,*,#1444,.F.);
#1993=ORIENTED_EDGE('',*,*,#1206,.F.);
#1994=ORIENTED_EDGE('',*,*,#1445,.T.);
#1995=ORIENTED_EDGE('',*,*,#1345,.F.);
#1996=ORIENTED_EDGE('',*,*,#1446,.F.);
#1997=ORIENTED_EDGE('',*,*,#1207,.F.);
#1998=ORIENTED_EDGE('',*,*,#1446,.T.);
#1999=ORIENTED_EDGE('',*,*,#1344,.F.);
#2000=ORIENTED_EDGE('',*,*,#1447,.F.);
#2001=ORIENTED_EDGE('',*,*,#1208,.F.);
#2002=ORIENTED_EDGE('',*,*,#1447,.T.);
#2003=ORIENTED_EDGE('',*,*,#1343,.F.);
#2004=ORIENTED_EDGE('',*,*,#1448,.F.);
#2005=ORIENTED_EDGE('',*,*,#1209,.F.);
#2006=ORIENTED_EDGE('',*,*,#1448,.T.);
#2007=ORIENTED_EDGE('',*,*,#1342,.F.);
#2008=ORIENTED_EDGE('',*,*,#1449,.F.);
#2009=ORIENTED_EDGE('',*,*,#1202,.F.);
#2010=ORIENTED_EDGE('',*,*,#1449,.T.);
#2011=ORIENTED_EDGE('',*,*,#1341,.F.);
#2012=ORIENTED_EDGE('',*,*,#1450,.F.);
#2013=ORIENTED_EDGE('',*,*,#1205,.F.);
#2014=ORIENTED_EDGE('',*,*,#1451,.T.);
#2015=ORIENTED_EDGE('',*,*,#1346,.F.);
#2016=ORIENTED_EDGE('',*,*,#1445,.F.);
#2017=ORIENTED_EDGE('',*,*,#1204,.F.);
#2018=ORIENTED_EDGE('',*,*,#1452,.T.);
#2019=ORIENTED_EDGE('',*,*,#1347,.F.);
#2020=ORIENTED_EDGE('',*,*,#1451,.F.);
#2021=ORIENTED_EDGE('',*,*,#1203,.F.);
#2022=ORIENTED_EDGE('',*,*,#1450,.T.);
#2023=ORIENTED_EDGE('',*,*,#1348,.F.);
#2024=ORIENTED_EDGE('',*,*,#1452,.F.);
#2025=ORIENTED_EDGE('',*,*,#1198,.F.);
#2026=ORIENTED_EDGE('',*,*,#1453,.T.);
#2027=ORIENTED_EDGE('',*,*,#1377,.F.);
#2028=ORIENTED_EDGE('',*,*,#1454,.F.);
#2029=ORIENTED_EDGE('',*,*,#1199,.F.);
#2030=ORIENTED_EDGE('',*,*,#1454,.T.);
#2031=ORIENTED_EDGE('',*,*,#1376,.F.);
#2032=ORIENTED_EDGE('',*,*,#1455,.F.);
#2033=ORIENTED_EDGE('',*,*,#1200,.F.);
#2034=ORIENTED_EDGE('',*,*,#1455,.T.);
#2035=ORIENTED_EDGE('',*,*,#1375,.F.);
#2036=ORIENTED_EDGE('',*,*,#1456,.F.);
#2037=ORIENTED_EDGE('',*,*,#1201,.F.);
#2038=ORIENTED_EDGE('',*,*,#1456,.T.);
#2039=ORIENTED_EDGE('',*,*,#1374,.F.);
#2040=ORIENTED_EDGE('',*,*,#1457,.F.);
#2041=ORIENTED_EDGE('',*,*,#1194,.F.);
#2042=ORIENTED_EDGE('',*,*,#1457,.T.);
#2043=ORIENTED_EDGE('',*,*,#1373,.F.);
#2044=ORIENTED_EDGE('',*,*,#1458,.F.);
#2045=ORIENTED_EDGE('',*,*,#1197,.F.);
#2046=ORIENTED_EDGE('',*,*,#1459,.T.);
#2047=ORIENTED_EDGE('',*,*,#1378,.F.);
#2048=ORIENTED_EDGE('',*,*,#1453,.F.);
#2049=ORIENTED_EDGE('',*,*,#1196,.F.);
#2050=ORIENTED_EDGE('',*,*,#1460,.T.);
#2051=ORIENTED_EDGE('',*,*,#1379,.F.);
#2052=ORIENTED_EDGE('',*,*,#1459,.F.);
#2053=ORIENTED_EDGE('',*,*,#1195,.F.);
#2054=ORIENTED_EDGE('',*,*,#1458,.T.);
#2055=ORIENTED_EDGE('',*,*,#1380,.F.);
#2056=ORIENTED_EDGE('',*,*,#1460,.F.);
#2057=ORIENTED_EDGE('',*,*,#1190,.F.);
#2058=ORIENTED_EDGE('',*,*,#1461,.T.);
#2059=ORIENTED_EDGE('',*,*,#1369,.F.);
#2060=ORIENTED_EDGE('',*,*,#1462,.F.);
#2061=ORIENTED_EDGE('',*,*,#1191,.F.);
#2062=ORIENTED_EDGE('',*,*,#1462,.T.);
#2063=ORIENTED_EDGE('',*,*,#1368,.F.);
#2064=ORIENTED_EDGE('',*,*,#1463,.F.);
#2065=ORIENTED_EDGE('',*,*,#1192,.F.);
#2066=ORIENTED_EDGE('',*,*,#1463,.T.);
#2067=ORIENTED_EDGE('',*,*,#1367,.F.);
#2068=ORIENTED_EDGE('',*,*,#1464,.F.);
#2069=ORIENTED_EDGE('',*,*,#1193,.F.);
#2070=ORIENTED_EDGE('',*,*,#1464,.T.);
#2071=ORIENTED_EDGE('',*,*,#1366,.F.);
#2072=ORIENTED_EDGE('',*,*,#1465,.F.);
#2073=ORIENTED_EDGE('',*,*,#1186,.F.);
#2074=ORIENTED_EDGE('',*,*,#1465,.T.);
#2075=ORIENTED_EDGE('',*,*,#1365,.F.);
#2076=ORIENTED_EDGE('',*,*,#1466,.F.);
#2077=ORIENTED_EDGE('',*,*,#1189,.F.);
#2078=ORIENTED_EDGE('',*,*,#1467,.T.);
#2079=ORIENTED_EDGE('',*,*,#1370,.F.);
#2080=ORIENTED_EDGE('',*,*,#1461,.F.);
#2081=ORIENTED_EDGE('',*,*,#1188,.F.);
#2082=ORIENTED_EDGE('',*,*,#1468,.T.);
#2083=ORIENTED_EDGE('',*,*,#1371,.F.);
#2084=ORIENTED_EDGE('',*,*,#1467,.F.);
#2085=ORIENTED_EDGE('',*,*,#1187,.F.);
#2086=ORIENTED_EDGE('',*,*,#1466,.T.);
#2087=ORIENTED_EDGE('',*,*,#1372,.F.);
#2088=ORIENTED_EDGE('',*,*,#1468,.F.);
#2089=ORIENTED_EDGE('',*,*,#1182,.F.);
#2090=ORIENTED_EDGE('',*,*,#1469,.T.);
#2091=ORIENTED_EDGE('',*,*,#1361,.F.);
#2092=ORIENTED_EDGE('',*,*,#1470,.F.);
#2093=ORIENTED_EDGE('',*,*,#1183,.F.);
#2094=ORIENTED_EDGE('',*,*,#1470,.T.);
#2095=ORIENTED_EDGE('',*,*,#1360,.F.);
#2096=ORIENTED_EDGE('',*,*,#1471,.F.);
#2097=ORIENTED_EDGE('',*,*,#1184,.F.);
#2098=ORIENTED_EDGE('',*,*,#1471,.T.);
#2099=ORIENTED_EDGE('',*,*,#1359,.F.);
#2100=ORIENTED_EDGE('',*,*,#1472,.F.);
#2101=ORIENTED_EDGE('',*,*,#1185,.F.);
#2102=ORIENTED_EDGE('',*,*,#1472,.T.);
#2103=ORIENTED_EDGE('',*,*,#1358,.F.);
#2104=ORIENTED_EDGE('',*,*,#1473,.F.);
#2105=ORIENTED_EDGE('',*,*,#1178,.F.);
#2106=ORIENTED_EDGE('',*,*,#1473,.T.);
#2107=ORIENTED_EDGE('',*,*,#1357,.F.);
#2108=ORIENTED_EDGE('',*,*,#1474,.F.);
#2109=ORIENTED_EDGE('',*,*,#1181,.F.);
#2110=ORIENTED_EDGE('',*,*,#1475,.T.);
#2111=ORIENTED_EDGE('',*,*,#1362,.F.);
#2112=ORIENTED_EDGE('',*,*,#1469,.F.);
#2113=ORIENTED_EDGE('',*,*,#1180,.F.);
#2114=ORIENTED_EDGE('',*,*,#1476,.T.);
#2115=ORIENTED_EDGE('',*,*,#1363,.F.);
#2116=ORIENTED_EDGE('',*,*,#1475,.F.);
#2117=ORIENTED_EDGE('',*,*,#1179,.F.);
#2118=ORIENTED_EDGE('',*,*,#1474,.T.);
#2119=ORIENTED_EDGE('',*,*,#1364,.F.);
#2120=ORIENTED_EDGE('',*,*,#1476,.F.);
#2121=ORIENTED_EDGE('',*,*,#1174,.F.);
#2122=ORIENTED_EDGE('',*,*,#1477,.T.);
#2123=ORIENTED_EDGE('',*,*,#1353,.F.);
#2124=ORIENTED_EDGE('',*,*,#1478,.F.);
#2125=ORIENTED_EDGE('',*,*,#1175,.F.);
#2126=ORIENTED_EDGE('',*,*,#1478,.T.);
#2127=ORIENTED_EDGE('',*,*,#1352,.F.);
#2128=ORIENTED_EDGE('',*,*,#1479,.F.);
#2129=ORIENTED_EDGE('',*,*,#1176,.F.);
#2130=ORIENTED_EDGE('',*,*,#1479,.T.);
#2131=ORIENTED_EDGE('',*,*,#1351,.F.);
#2132=ORIENTED_EDGE('',*,*,#1480,.F.);
#2133=ORIENTED_EDGE('',*,*,#1177,.F.);
#2134=ORIENTED_EDGE('',*,*,#1480,.T.);
#2135=ORIENTED_EDGE('',*,*,#1350,.F.);
#2136=ORIENTED_EDGE('',*,*,#1481,.F.);
#2137=ORIENTED_EDGE('',*,*,#1170,.F.);
#2138=ORIENTED_EDGE('',*,*,#1481,.T.);
#2139=ORIENTED_EDGE('',*,*,#1349,.F.);
#2140=ORIENTED_EDGE('',*,*,#1482,.F.);
#2141=ORIENTED_EDGE('',*,*,#1173,.F.);
#2142=ORIENTED_EDGE('',*,*,#1483,.T.);
#2143=ORIENTED_EDGE('',*,*,#1354,.F.);
#2144=ORIENTED_EDGE('',*,*,#1477,.F.);
#2145=ORIENTED_EDGE('',*,*,#1172,.F.);
#2146=ORIENTED_EDGE('',*,*,#1484,.T.);
#2147=ORIENTED_EDGE('',*,*,#1355,.F.);
#2148=ORIENTED_EDGE('',*,*,#1483,.F.);
#2149=ORIENTED_EDGE('',*,*,#1171,.F.);
#2150=ORIENTED_EDGE('',*,*,#1482,.T.);
#2151=ORIENTED_EDGE('',*,*,#1356,.F.);
#2152=ORIENTED_EDGE('',*,*,#1484,.F.);
#2153=PLANE('',#2335);
#2154=PLANE('',#2336);
#2155=PLANE('',#2337);
#2156=PLANE('',#2378);
#2157=PLANE('',#2379);
#2158=PLANE('',#2380);
#2159=PLANE('',#2381);
#2160=PLANE('',#2382);
#2161=PLANE('',#2383);
#2162=PLANE('',#2384);
#2163=PLANE('',#2385);
#2164=PLANE('',#2386);
#2165=PLANE('',#2387);
#2166=PLANE('',#2388);
#2167=PLANE('',#2389);
#2168=PLANE('',#2390);
#2169=PLANE('',#2391);
#2170=PLANE('',#2424);
#2171=PLANE('',#2427);
#2172=PLANE('',#2432);
#2173=PLANE('',#2435);
#2174=PLANE('',#2436);
#2175=PLANE('',#2477);
#2176=PLANE('',#2479);
#2177=PLANE('',#2481);
#2178=PLANE('',#2483);
#2179=PLANE('',#2486);
#2180=PLANE('',#2488);
#2181=PLANE('',#2490);
#2182=PLANE('',#2492);
#2183=PLANE('',#2493);
#2184=PLANE('',#2495);
#2185=PLANE('',#2497);
#2186=PLANE('',#2499);
#2187=PLANE('',#2501);
#2188=PLANE('',#2503);
#2189=PLANE('',#2505);
#2190=PLANE('',#2507);
#2191=PLANE('',#2509);
#2192=PLANE('',#2511);
#2193=PLANE('',#2513);
#2194=PLANE('',#2515);
#2195=PLANE('',#2517);
#2196=PLANE('',#2519);
#2197=PLANE('',#2521);
#2198=PLANE('',#2523);
#2199=PLANE('',#2525);
#2200=PLANE('',#2527);
#2201=PLANE('',#2529);
#2202=PLANE('',#2531);
#2203=PLANE('',#2534);
#2204=PLANE('',#2536);
#2205=PLANE('',#2538);
#2206=PLANE('',#2540);
#2207=PLANE('',#2541);
#2208=PLANE('',#2543);
#2209=PLANE('',#2545);
#2210=PLANE('',#2547);
#2211=PLANE('',#2549);
#2212=PLANE('',#2551);
#2213=PLANE('',#2553);
#2214=PLANE('',#2555);
#2215=ADVANCED_FACE('',(#211),#2153,.T.);
#2216=ADVANCED_FACE('',(#212),#2154,.T.);
#2217=ADVANCED_FACE('',(#213,#71,#72,#73,#74,#75,#76,#77,#78,#79,#80),#2155,
 .T.);
#2218=ADVANCED_FACE('',(#214),#2156,.T.);
#2219=ADVANCED_FACE('',(#215),#2157,.T.);
#2220=ADVANCED_FACE('',(#216),#2158,.T.);
#2221=ADVANCED_FACE('',(#217),#2159,.T.);
#2222=ADVANCED_FACE('',(#218),#2160,.F.);
#2223=ADVANCED_FACE('',(#219),#2161,.F.);
#2224=ADVANCED_FACE('',(#220),#2162,.T.);
#2225=ADVANCED_FACE('',(#221,#81),#2163,.F.);
#2226=ADVANCED_FACE('',(#222),#2164,.T.);
#2227=ADVANCED_FACE('',(#223),#2165,.F.);
#2228=ADVANCED_FACE('',(#224),#2166,.F.);
#2229=ADVANCED_FACE('',(#225),#2167,.F.);
#2230=ADVANCED_FACE('',(#226),#2168,.F.);
#2231=ADVANCED_FACE('',(#227,#82,#83,#84,#85,#86,#87),#2169,.T.);
#2232=ADVANCED_FACE('',(#228),#19,.F.);
#2233=ADVANCED_FACE('',(#229),#20,.F.);
#2234=ADVANCED_FACE('',(#230),#21,.F.);
#2235=ADVANCED_FACE('',(#231),#22,.F.);
#2236=ADVANCED_FACE('',(#232),#15,.F.);
#2237=ADVANCED_FACE('',(#233),#23,.T.);
#2238=ADVANCED_FACE('',(#234),#16,.F.);
#2239=ADVANCED_FACE('',(#235),#24,.T.);
#2240=ADVANCED_FACE('',(#236),#17,.F.);
#2241=ADVANCED_FACE('',(#237),#25,.T.);
#2242=ADVANCED_FACE('',(#238),#18,.F.);
#2243=ADVANCED_FACE('',(#239),#26,.T.);
#2244=ADVANCED_FACE('',(#240),#2170,.F.);
#2245=ADVANCED_FACE('',(#241),#27,.T.);
#2246=ADVANCED_FACE('',(#242),#2171,.F.);
#2247=ADVANCED_FACE('',(#243),#28,.T.);
#2248=ADVANCED_FACE('',(#244),#29,.T.);
#2249=ADVANCED_FACE('',(#245),#2172,.F.);
#2250=ADVANCED_FACE('',(#246),#30,.T.);
#2251=ADVANCED_FACE('',(#247),#2173,.F.);
#2252=ADVANCED_FACE('',(#248,#88,#89,#90,#91,#92,#93,#94,#95,#96,#97,#98,
#99,#100,#101,#102),#2174,.F.);
#2253=ADVANCED_FACE('',(#249),#2175,.F.);
#2254=ADVANCED_FACE('',(#250),#31,.F.);
#2255=ADVANCED_FACE('',(#251),#2176,.F.);
#2256=ADVANCED_FACE('',(#252),#32,.F.);
#2257=ADVANCED_FACE('',(#253),#2177,.F.);
#2258=ADVANCED_FACE('',(#254),#33,.F.);
#2259=ADVANCED_FACE('',(#255),#2178,.F.);
#2260=ADVANCED_FACE('',(#256),#34,.F.);
#2261=ADVANCED_FACE('',(#257),#35,.F.);
#2262=ADVANCED_FACE('',(#258),#2179,.F.);
#2263=ADVANCED_FACE('',(#259),#36,.F.);
#2264=ADVANCED_FACE('',(#260),#2180,.F.);
#2265=ADVANCED_FACE('',(#261),#37,.F.);
#2266=ADVANCED_FACE('',(#262),#2181,.F.);
#2267=ADVANCED_FACE('',(#263),#38,.F.);
#2268=ADVANCED_FACE('',(#264),#2182,.F.);
#2269=ADVANCED_FACE('',(#265),#2183,.F.);
#2270=ADVANCED_FACE('',(#266),#39,.F.);
#2271=ADVANCED_FACE('',(#267),#2184,.F.);
#2272=ADVANCED_FACE('',(#268),#40,.F.);
#2273=ADVANCED_FACE('',(#269),#2185,.F.);
#2274=ADVANCED_FACE('',(#270),#41,.F.);
#2275=ADVANCED_FACE('',(#271),#2186,.F.);
#2276=ADVANCED_FACE('',(#272),#42,.F.);
#2277=ADVANCED_FACE('',(#273),#2187,.F.);
#2278=ADVANCED_FACE('',(#274),#43,.F.);
#2279=ADVANCED_FACE('',(#275),#2188,.F.);
#2280=ADVANCED_FACE('',(#276),#44,.F.);
#2281=ADVANCED_FACE('',(#277),#2189,.F.);
#2282=ADVANCED_FACE('',(#278),#45,.F.);
#2283=ADVANCED_FACE('',(#279),#2190,.F.);
#2284=ADVANCED_FACE('',(#280),#46,.F.);
#2285=ADVANCED_FACE('',(#281),#2191,.F.);
#2286=ADVANCED_FACE('',(#282),#47,.F.);
#2287=ADVANCED_FACE('',(#283),#2192,.F.);
#2288=ADVANCED_FACE('',(#284),#48,.F.);
#2289=ADVANCED_FACE('',(#285),#2193,.F.);
#2290=ADVANCED_FACE('',(#286),#49,.F.);
#2291=ADVANCED_FACE('',(#287),#2194,.F.);
#2292=ADVANCED_FACE('',(#288),#50,.F.);
#2293=ADVANCED_FACE('',(#289),#2195,.F.);
#2294=ADVANCED_FACE('',(#290),#51,.F.);
#2295=ADVANCED_FACE('',(#291),#2196,.F.);
#2296=ADVANCED_FACE('',(#292),#52,.F.);
#2297=ADVANCED_FACE('',(#293),#2197,.F.);
#2298=ADVANCED_FACE('',(#294),#53,.F.);
#2299=ADVANCED_FACE('',(#295),#2198,.F.);
#2300=ADVANCED_FACE('',(#296),#54,.F.);
#2301=ADVANCED_FACE('',(#297),#2199,.F.);
#2302=ADVANCED_FACE('',(#298),#55,.F.);
#2303=ADVANCED_FACE('',(#299),#2200,.F.);
#2304=ADVANCED_FACE('',(#300),#56,.F.);
#2305=ADVANCED_FACE('',(#301),#2201,.F.);
#2306=ADVANCED_FACE('',(#302),#57,.F.);
#2307=ADVANCED_FACE('',(#303),#2202,.F.);
#2308=ADVANCED_FACE('',(#304),#58,.F.);
#2309=ADVANCED_FACE('',(#305),#59,.F.);
#2310=ADVANCED_FACE('',(#306),#2203,.F.);
#2311=ADVANCED_FACE('',(#307),#60,.F.);
#2312=ADVANCED_FACE('',(#308),#2204,.F.);
#2313=ADVANCED_FACE('',(#309),#61,.F.);
#2314=ADVANCED_FACE('',(#310),#2205,.F.);
#2315=ADVANCED_FACE('',(#311),#62,.F.);
#2316=ADVANCED_FACE('',(#312),#2206,.F.);
#2317=ADVANCED_FACE('',(#313),#2207,.F.);
#2318=ADVANCED_FACE('',(#314),#63,.F.);
#2319=ADVANCED_FACE('',(#315),#2208,.F.);
#2320=ADVANCED_FACE('',(#316),#64,.F.);
#2321=ADVANCED_FACE('',(#317),#2209,.F.);
#2322=ADVANCED_FACE('',(#318),#65,.F.);
#2323=ADVANCED_FACE('',(#319),#2210,.F.);
#2324=ADVANCED_FACE('',(#320),#66,.F.);
#2325=ADVANCED_FACE('',(#321),#2211,.F.);
#2326=ADVANCED_FACE('',(#322),#67,.F.);
#2327=ADVANCED_FACE('',(#323),#2212,.F.);
#2328=ADVANCED_FACE('',(#324),#68,.F.);
#2329=ADVANCED_FACE('',(#325),#2213,.F.);
#2330=ADVANCED_FACE('',(#326),#69,.F.);
#2331=ADVANCED_FACE('',(#327),#2214,.F.);
#2332=ADVANCED_FACE('',(#328),#70,.F.);
#2333=CLOSED_SHELL('',(#2215,#2216,#2217,#2218,#2219,#2220,#2221,#2222,
#2223,#2224,#2225,#2226,#2227,#2228,#2229,#2230,#2231,#2232,#2233,#2234,
#2235,#2236,#2237,#2238,#2239,#2240,#2241,#2242,#2243,#2244,#2245,#2246,
#2247,#2248,#2249,#2250,#2251,#2252,#2253,#2254,#2255,#2256,#2257,#2258,
#2259,#2260,#2261,#2262,#2263,#2264,#2265,#2266,#2267,#2268,#2269,#2270,
#2271,#2272,#2273,#2274,#2275,#2276,#2277,#2278,#2279,#2280,#2281,#2282,
#2283,#2284,#2285,#2286,#2287,#2288,#2289,#2290,#2291,#2292,#2293,#2294,
#2295,#2296,#2297,#2298,#2299,#2300,#2301,#2302,#2303,#2304,#2305,#2306,
#2307,#2308,#2309,#2310,#2311,#2312,#2313,#2314,#2315,#2316,#2317,#2318,
#2319,#2320,#2321,#2322,#2323,#2324,#2325,#2326,#2327,#2328,#2329,#2330,
#2331,#2332));
#2334=AXIS2_PLACEMENT_3D('',#3229,#2557,#2558);
#2335=AXIS2_PLACEMENT_3D('',#3230,#2559,#2560);
#2336=AXIS2_PLACEMENT_3D('',#3239,#2565,#2566);
#2337=AXIS2_PLACEMENT_3D('',#3245,#2570,#2571);
#2338=AXIS2_PLACEMENT_3D('',#3255,#2576,#2577);
#2339=AXIS2_PLACEMENT_3D('',#3259,#2579,#2580);
#2340=AXIS2_PLACEMENT_3D('',#3263,#2582,#2583);
#2341=AXIS2_PLACEMENT_3D('',#3267,#2585,#2586);
#2342=AXIS2_PLACEMENT_3D('',#3273,#2589,#2590);
#2343=AXIS2_PLACEMENT_3D('',#3277,#2592,#2593);
#2344=AXIS2_PLACEMENT_3D('',#3281,#2595,#2596);
#2345=AXIS2_PLACEMENT_3D('',#3284,#2598,#2599);
#2346=AXIS2_PLACEMENT_3D('',#3289,#2601,#2602);
#2347=AXIS2_PLACEMENT_3D('',#3293,#2604,#2605);
#2348=AXIS2_PLACEMENT_3D('',#3297,#2607,#2608);
#2349=AXIS2_PLACEMENT_3D('',#3300,#2610,#2611);
#2350=AXIS2_PLACEMENT_3D('',#3303,#2612,#2613);
#2351=AXIS2_PLACEMENT_3D('',#3307,#2615,#2616);
#2352=AXIS2_PLACEMENT_3D('',#3311,#2618,#2619);
#2353=AXIS2_PLACEMENT_3D('',#3315,#2621,#2622);
#2354=AXIS2_PLACEMENT_3D('',#3321,#2625,#2626);
#2355=AXIS2_PLACEMENT_3D('',#3325,#2628,#2629);
#2356=AXIS2_PLACEMENT_3D('',#3329,#2631,#2632);
#2357=AXIS2_PLACEMENT_3D('',#3332,#2634,#2635);
#2358=AXIS2_PLACEMENT_3D('',#3337,#2637,#2638);
#2359=AXIS2_PLACEMENT_3D('',#3341,#2640,#2641);
#2360=AXIS2_PLACEMENT_3D('',#3345,#2643,#2644);
#2361=AXIS2_PLACEMENT_3D('',#3348,#2646,#2647);
#2362=AXIS2_PLACEMENT_3D('',#3353,#2649,#2650);
#2363=AXIS2_PLACEMENT_3D('',#3357,#2652,#2653);
#2364=AXIS2_PLACEMENT_3D('',#3361,#2655,#2656);
#2365=AXIS2_PLACEMENT_3D('',#3364,#2658,#2659);
#2366=AXIS2_PLACEMENT_3D('',#3369,#2661,#2662);
#2367=AXIS2_PLACEMENT_3D('',#3373,#2664,#2665);
#2368=AXIS2_PLACEMENT_3D('',#3377,#2667,#2668);
#2369=AXIS2_PLACEMENT_3D('',#3380,#2670,#2671);
#2370=AXIS2_PLACEMENT_3D('',#3385,#2673,#2674);
#2371=AXIS2_PLACEMENT_3D('',#3389,#2676,#2677);
#2372=AXIS2_PLACEMENT_3D('',#3393,#2679,#2680);
#2373=AXIS2_PLACEMENT_3D('',#3396,#2682,#2683);
#2374=AXIS2_PLACEMENT_3D('',#3401,#2685,#2686);
#2375=AXIS2_PLACEMENT_3D('',#3405,#2688,#2689);
#2376=AXIS2_PLACEMENT_3D('',#3409,#2691,#2692);
#2377=AXIS2_PLACEMENT_3D('',#3412,#2694,#2695);
#2378=AXIS2_PLACEMENT_3D('',#3413,#2696,#2697);
#2379=AXIS2_PLACEMENT_3D('',#3417,#2700,#2701);
#2380=AXIS2_PLACEMENT_3D('',#3423,#2705,#2706);
#2381=AXIS2_PLACEMENT_3D('',#3425,#2708,#2709);
#2382=AXIS2_PLACEMENT_3D('',#3427,#2711,#2712);
#2383=AXIS2_PLACEMENT_3D('',#3436,#2717,#2718);
#2384=AXIS2_PLACEMENT_3D('',#3442,#2722,#2723);
#2385=AXIS2_PLACEMENT_3D('',#3448,#2727,#2728);
#2386=AXIS2_PLACEMENT_3D('',#3458,#2734,#2735);
#2387=AXIS2_PLACEMENT_3D('',#3460,#2737,#2738);
#2388=AXIS2_PLACEMENT_3D('',#3466,#2742,#2743);
#2389=AXIS2_PLACEMENT_3D('',#3470,#2746,#2747);
#2390=AXIS2_PLACEMENT_3D('',#3474,#2750,#2751);
#2391=AXIS2_PLACEMENT_3D('',#3476,#2753,#2754);
#2392=AXIS2_PLACEMENT_3D('',#3481,#2756,#2757);
#2393=AXIS2_PLACEMENT_3D('',#3485,#2759,#2760);
#2394=AXIS2_PLACEMENT_3D('',#3489,#2762,#2763);
#2395=AXIS2_PLACEMENT_3D('',#3492,#2765,#2766);
#2396=AXIS2_PLACEMENT_3D('',#3494,#2767,#2768);
#2397=AXIS2_PLACEMENT_3D('',#3496,#2769,#2770);
#2398=AXIS2_PLACEMENT_3D('',#3498,#2771,#2772);
#2399=AXIS2_PLACEMENT_3D('',#3500,#2773,#2774);
#2400=AXIS2_PLACEMENT_3D('',#3501,#2775,#2776);
#2401=AXIS2_PLACEMENT_3D('',#3504,#2778,#2779);
#2402=AXIS2_PLACEMENT_3D('',#3505,#2780,#2781);
#2403=AXIS2_PLACEMENT_3D('',#3508,#2783,#2784);
#2404=AXIS2_PLACEMENT_3D('',#3509,#2785,#2786);
#2405=AXIS2_PLACEMENT_3D('',#3512,#2788,#2789);
#2406=AXIS2_PLACEMENT_3D('',#3513,#2790,#2791);
#2407=AXIS2_PLACEMENT_3D('',#3516,#2793,#2794);
#2408=AXIS2_PLACEMENT_3D('',#3527,#2795,#2796);
#2409=AXIS2_PLACEMENT_3D('',#3529,#2797,#2798);
#2410=AXIS2_PLACEMENT_3D('',#3530,#2799,#2800);
#2411=AXIS2_PLACEMENT_3D('',#3531,#2801,#2802);
#2412=AXIS2_PLACEMENT_3D('',#3533,#2803,#2804);
#2413=AXIS2_PLACEMENT_3D('',#3545,#2806,#2807);
#2414=AXIS2_PLACEMENT_3D('',#3546,#2808,#2809);
#2415=AXIS2_PLACEMENT_3D('',#3547,#2810,#2811);
#2416=AXIS2_PLACEMENT_3D('',#3549,#2812,#2813);
#2417=AXIS2_PLACEMENT_3D('',#3561,#2815,#2816);
#2418=AXIS2_PLACEMENT_3D('',#3562,#2817,#2818);
#2419=AXIS2_PLACEMENT_3D('',#3563,#2819,#2820);
#2420=AXIS2_PLACEMENT_3D('',#3565,#2821,#2822);
#2421=AXIS2_PLACEMENT_3D('',#3577,#2824,#2825);
#2422=AXIS2_PLACEMENT_3D('',#3578,#2826,#2827);
#2423=AXIS2_PLACEMENT_3D('',#3579,#2828,#2829);
#2424=AXIS2_PLACEMENT_3D('',#3581,#2831,#2832);
#2425=AXIS2_PLACEMENT_3D('',#3587,#2836,#2837);
#2426=AXIS2_PLACEMENT_3D('',#3590,#2839,#2840);
#2427=AXIS2_PLACEMENT_3D('',#3591,#2841,#2842);
#2428=AXIS2_PLACEMENT_3D('',#3595,#2845,#2846);
#2429=AXIS2_PLACEMENT_3D('',#3598,#2848,#2849);
#2430=AXIS2_PLACEMENT_3D('',#3599,#2850,#2851);
#2431=AXIS2_PLACEMENT_3D('',#3601,#2852,#2853);
#2432=AXIS2_PLACEMENT_3D('',#3603,#2855,#2856);
#2433=AXIS2_PLACEMENT_3D('',#3607,#2859,#2860);
#2434=AXIS2_PLACEMENT_3D('',#3609,#2861,#2862);
#2435=AXIS2_PLACEMENT_3D('',#3611,#2864,#2865);
#2436=AXIS2_PLACEMENT_3D('',#3613,#2867,#2868);
#2437=AXIS2_PLACEMENT_3D('',#3616,#2869,#2870);
#2438=AXIS2_PLACEMENT_3D('',#3620,#2872,#2873);
#2439=AXIS2_PLACEMENT_3D('',#3624,#2875,#2876);
#2440=AXIS2_PLACEMENT_3D('',#3628,#2878,#2879);
#2441=AXIS2_PLACEMENT_3D('',#3634,#2882,#2883);
#2442=AXIS2_PLACEMENT_3D('',#3638,#2885,#2886);
#2443=AXIS2_PLACEMENT_3D('',#3642,#2888,#2889);
#2444=AXIS2_PLACEMENT_3D('',#3645,#2891,#2892);
#2445=AXIS2_PLACEMENT_3D('',#3650,#2894,#2895);
#2446=AXIS2_PLACEMENT_3D('',#3654,#2897,#2898);
#2447=AXIS2_PLACEMENT_3D('',#3658,#2900,#2901);
#2448=AXIS2_PLACEMENT_3D('',#3661,#2903,#2904);
#2449=AXIS2_PLACEMENT_3D('',#3666,#2906,#2907);
#2450=AXIS2_PLACEMENT_3D('',#3670,#2909,#2910);
#2451=AXIS2_PLACEMENT_3D('',#3674,#2912,#2913);
#2452=AXIS2_PLACEMENT_3D('',#3677,#2915,#2916);
#2453=AXIS2_PLACEMENT_3D('',#3682,#2918,#2919);
#2454=AXIS2_PLACEMENT_3D('',#3686,#2921,#2922);
#2455=AXIS2_PLACEMENT_3D('',#3690,#2924,#2925);
#2456=AXIS2_PLACEMENT_3D('',#3693,#2927,#2928);
#2457=AXIS2_PLACEMENT_3D('',#3696,#2929,#2930);
#2458=AXIS2_PLACEMENT_3D('',#3700,#2932,#2933);
#2459=AXIS2_PLACEMENT_3D('',#3704,#2935,#2936);
#2460=AXIS2_PLACEMENT_3D('',#3708,#2938,#2939);
#2461=AXIS2_PLACEMENT_3D('',#3714,#2942,#2943);
#2462=AXIS2_PLACEMENT_3D('',#3718,#2945,#2946);
#2463=AXIS2_PLACEMENT_3D('',#3722,#2948,#2949);
#2464=AXIS2_PLACEMENT_3D('',#3725,#2951,#2952);
#2465=AXIS2_PLACEMENT_3D('',#3730,#2954,#2955);
#2466=AXIS2_PLACEMENT_3D('',#3734,#2957,#2958);
#2467=AXIS2_PLACEMENT_3D('',#3738,#2960,#2961);
#2468=AXIS2_PLACEMENT_3D('',#3741,#2963,#2964);
#2469=AXIS2_PLACEMENT_3D('',#3746,#2966,#2967);
#2470=AXIS2_PLACEMENT_3D('',#3750,#2969,#2970);
#2471=AXIS2_PLACEMENT_3D('',#3754,#2972,#2973);
#2472=AXIS2_PLACEMENT_3D('',#3757,#2975,#2976);
#2473=AXIS2_PLACEMENT_3D('',#3762,#2978,#2979);
#2474=AXIS2_PLACEMENT_3D('',#3766,#2981,#2982);
#2475=AXIS2_PLACEMENT_3D('',#3770,#2984,#2985);
#2476=AXIS2_PLACEMENT_3D('',#3773,#2987,#2988);
#2477=AXIS2_PLACEMENT_3D('',#3774,#2989,#2990);
#2478=AXIS2_PLACEMENT_3D('',#3777,#2993,#2994);
#2479=AXIS2_PLACEMENT_3D('',#3779,#2996,#2997);
#2480=AXIS2_PLACEMENT_3D('',#3781,#2999,#3000);
#2481=AXIS2_PLACEMENT_3D('',#3783,#3002,#3003);
#2482=AXIS2_PLACEMENT_3D('',#3785,#3005,#3006);
#2483=AXIS2_PLACEMENT_3D('',#3787,#3008,#3009);
#2484=AXIS2_PLACEMENT_3D('',#3789,#3011,#3012);
#2485=AXIS2_PLACEMENT_3D('',#3790,#3013,#3014);
#2486=AXIS2_PLACEMENT_3D('',#3793,#3017,#3018);
#2487=AXIS2_PLACEMENT_3D('',#3795,#3020,#3021);
#2488=AXIS2_PLACEMENT_3D('',#3797,#3023,#3024);
#2489=AXIS2_PLACEMENT_3D('',#3799,#3026,#3027);
#2490=AXIS2_PLACEMENT_3D('',#3801,#3029,#3030);
#2491=AXIS2_PLACEMENT_3D('',#3803,#3032,#3033);
#2492=AXIS2_PLACEMENT_3D('',#3805,#3035,#3036);
#2493=AXIS2_PLACEMENT_3D('',#3806,#3037,#3038);
#2494=AXIS2_PLACEMENT_3D('',#3809,#3041,#3042);
#2495=AXIS2_PLACEMENT_3D('',#3811,#3044,#3045);
#2496=AXIS2_PLACEMENT_3D('',#3813,#3047,#3048);
#2497=AXIS2_PLACEMENT_3D('',#3815,#3050,#3051);
#2498=AXIS2_PLACEMENT_3D('',#3817,#3053,#3054);
#2499=AXIS2_PLACEMENT_3D('',#3819,#3056,#3057);
#2500=AXIS2_PLACEMENT_3D('',#3821,#3059,#3060);
#2501=AXIS2_PLACEMENT_3D('',#3822,#3061,#3062);
#2502=AXIS2_PLACEMENT_3D('',#3825,#3065,#3066);
#2503=AXIS2_PLACEMENT_3D('',#3827,#3068,#3069);
#2504=AXIS2_PLACEMENT_3D('',#3829,#3071,#3072);
#2505=AXIS2_PLACEMENT_3D('',#3831,#3074,#3075);
#2506=AXIS2_PLACEMENT_3D('',#3833,#3077,#3078);
#2507=AXIS2_PLACEMENT_3D('',#3835,#3080,#3081);
#2508=AXIS2_PLACEMENT_3D('',#3837,#3083,#3084);
#2509=AXIS2_PLACEMENT_3D('',#3838,#3085,#3086);
#2510=AXIS2_PLACEMENT_3D('',#3841,#3089,#3090);
#2511=AXIS2_PLACEMENT_3D('',#3843,#3092,#3093);
#2512=AXIS2_PLACEMENT_3D('',#3845,#3095,#3096);
#2513=AXIS2_PLACEMENT_3D('',#3847,#3098,#3099);
#2514=AXIS2_PLACEMENT_3D('',#3849,#3101,#3102);
#2515=AXIS2_PLACEMENT_3D('',#3851,#3104,#3105);
#2516=AXIS2_PLACEMENT_3D('',#3853,#3107,#3108);
#2517=AXIS2_PLACEMENT_3D('',#3854,#3109,#3110);
#2518=AXIS2_PLACEMENT_3D('',#3857,#3113,#3114);
#2519=AXIS2_PLACEMENT_3D('',#3859,#3116,#3117);
#2520=AXIS2_PLACEMENT_3D('',#3861,#3119,#3120);
#2521=AXIS2_PLACEMENT_3D('',#3863,#3122,#3123);
#2522=AXIS2_PLACEMENT_3D('',#3865,#3125,#3126);
#2523=AXIS2_PLACEMENT_3D('',#3867,#3128,#3129);
#2524=AXIS2_PLACEMENT_3D('',#3869,#3131,#3132);
#2525=AXIS2_PLACEMENT_3D('',#3870,#3133,#3134);
#2526=AXIS2_PLACEMENT_3D('',#3873,#3137,#3138);
#2527=AXIS2_PLACEMENT_3D('',#3875,#3140,#3141);
#2528=AXIS2_PLACEMENT_3D('',#3877,#3143,#3144);
#2529=AXIS2_PLACEMENT_3D('',#3879,#3146,#3147);
#2530=AXIS2_PLACEMENT_3D('',#3881,#3149,#3150);
#2531=AXIS2_PLACEMENT_3D('',#3883,#3152,#3153);
#2532=AXIS2_PLACEMENT_3D('',#3885,#3155,#3156);
#2533=AXIS2_PLACEMENT_3D('',#3886,#3157,#3158);
#2534=AXIS2_PLACEMENT_3D('',#3889,#3161,#3162);
#2535=AXIS2_PLACEMENT_3D('',#3891,#3164,#3165);
#2536=AXIS2_PLACEMENT_3D('',#3893,#3167,#3168);
#2537=AXIS2_PLACEMENT_3D('',#3895,#3170,#3171);
#2538=AXIS2_PLACEMENT_3D('',#3897,#3173,#3174);
#2539=AXIS2_PLACEMENT_3D('',#3899,#3176,#3177);
#2540=AXIS2_PLACEMENT_3D('',#3901,#3179,#3180);
#2541=AXIS2_PLACEMENT_3D('',#3902,#3181,#3182);
#2542=AXIS2_PLACEMENT_3D('',#3905,#3185,#3186);
#2543=AXIS2_PLACEMENT_3D('',#3907,#3188,#3189);
#2544=AXIS2_PLACEMENT_3D('',#3909,#3191,#3192);
#2545=AXIS2_PLACEMENT_3D('',#3911,#3194,#3195);
#2546=AXIS2_PLACEMENT_3D('',#3913,#3197,#3198);
#2547=AXIS2_PLACEMENT_3D('',#3915,#3200,#3201);
#2548=AXIS2_PLACEMENT_3D('',#3917,#3203,#3204);
#2549=AXIS2_PLACEMENT_3D('',#3918,#3205,#3206);
#2550=AXIS2_PLACEMENT_3D('',#3921,#3209,#3210);
#2551=AXIS2_PLACEMENT_3D('',#3923,#3212,#3213);
#2552=AXIS2_PLACEMENT_3D('',#3925,#3215,#3216);
#2553=AXIS2_PLACEMENT_3D('',#3927,#3218,#3219);
#2554=AXIS2_PLACEMENT_3D('',#3929,#3221,#3222);
#2555=AXIS2_PLACEMENT_3D('',#3931,#3224,#3225);
#2556=AXIS2_PLACEMENT_3D('',#3933,#3227,#3228);
#2557=DIRECTION('axis',(0.,0.,1.));
#2558=DIRECTION('refdir',(1.,0.,0.));
#2559=DIRECTION('center_axis',(0.,0.,1.));
#2560=DIRECTION('ref_axis',(1.,0.,0.));
#2561=DIRECTION('',(0.,1.,0.));
#2562=DIRECTION('',(-1.,0.,0.));
#2563=DIRECTION('',(0.,-1.,0.));
#2564=DIRECTION('',(-1.,0.,0.));
#2565=DIRECTION('center_axis',(-1.,0.,0.));
#2566=DIRECTION('ref_axis',(0.,0.,1.));
#2567=DIRECTION('',(0.,0.,-1.));
#2568=DIRECTION('',(0.,1.,0.));
#2569=DIRECTION('',(0.,0.,-1.));
#2570=DIRECTION('center_axis',(0.,1.,0.));
#2571=DIRECTION('ref_axis',(0.,0.,1.));
#2572=DIRECTION('',(0.,0.,1.));
#2573=DIRECTION('',(1.,0.,0.));
#2574=DIRECTION('',(0.,0.,-1.));
#2575=DIRECTION('',(-1.,0.,0.));
#2576=DIRECTION('center_axis',(0.,-1.,0.));
#2577=DIRECTION('ref_axis',(-1.,0.,0.));
#2578=DIRECTION('',(0.,0.,-1.));
#2579=DIRECTION('center_axis',(0.,-1.,0.));
#2580=DIRECTION('ref_axis',(0.,0.,-1.));
#2581=DIRECTION('',(1.,0.,0.));
#2582=DIRECTION('center_axis',(0.,-1.,0.));
#2583=DIRECTION('ref_axis',(1.,0.,0.));
#2584=DIRECTION('',(0.,0.,1.));
#2585=DIRECTION('center_axis',(0.,-1.,0.));
#2586=DIRECTION('ref_axis',(0.,0.,1.));
#2587=DIRECTION('',(-1.,0.,0.));
#2588=DIRECTION('',(0.,0.,-1.));
#2589=DIRECTION('center_axis',(0.,-1.,0.));
#2590=DIRECTION('ref_axis',(0.,-1.85037170770859E-16,-1.));
#2591=DIRECTION('',(1.,0.,0.));
#2592=DIRECTION('center_axis',(0.,-1.,0.));
#2593=DIRECTION('ref_axis',(1.,0.,0.));
#2594=DIRECTION('',(0.,0.,1.));
#2595=DIRECTION('center_axis',(0.,-1.,0.));
#2596=DIRECTION('ref_axis',(0.,1.85037170770859E-16,1.));
#2597=DIRECTION('',(-1.,0.,-1.70803542250024E-16));
#2598=DIRECTION('center_axis',(0.,-1.,0.));
#2599=DIRECTION('ref_axis',(-1.,0.,0.));
#2600=DIRECTION('',(0.,0.,-1.));
#2601=DIRECTION('center_axis',(0.,-1.,0.));
#2602=DIRECTION('ref_axis',(0.,0.,-1.));
#2603=DIRECTION('',(1.,0.,0.));
#2604=DIRECTION('center_axis',(0.,-1.,0.));
#2605=DIRECTION('ref_axis',(1.,0.,0.));
#2606=DIRECTION('',(1.70803542250024E-16,0.,1.));
#2607=DIRECTION('center_axis',(0.,-1.,0.));
#2608=DIRECTION('ref_axis',(0.,0.,1.));
#2609=DIRECTION('',(-1.,0.,3.41607084500048E-16));
#2610=DIRECTION('center_axis',(0.,-1.,0.));
#2611=DIRECTION('ref_axis',(-1.,0.,0.));
#2612=DIRECTION('center_axis',(0.,-1.,0.));
#2613=DIRECTION('ref_axis',(-1.,0.,0.));
#2614=DIRECTION('',(0.,0.,-1.));
#2615=DIRECTION('center_axis',(0.,-1.,0.));
#2616=DIRECTION('ref_axis',(0.,0.,-1.));
#2617=DIRECTION('',(1.,0.,0.));
#2618=DIRECTION('center_axis',(0.,-1.,0.));
#2619=DIRECTION('ref_axis',(1.,0.,0.));
#2620=DIRECTION('',(0.,0.,1.));
#2621=DIRECTION('center_axis',(0.,-1.,0.));
#2622=DIRECTION('ref_axis',(0.,0.,1.));
#2623=DIRECTION('',(-1.,0.,0.));
#2624=DIRECTION('',(1.,0.,0.));
#2625=DIRECTION('center_axis',(0.,-1.,0.));
#2626=DIRECTION('ref_axis',(1.,0.,0.));
#2627=DIRECTION('',(0.,0.,1.));
#2628=DIRECTION('center_axis',(0.,-1.,0.));
#2629=DIRECTION('ref_axis',(0.,0.,1.));
#2630=DIRECTION('',(-1.,0.,-3.41607084500048E-16));
#2631=DIRECTION('center_axis',(0.,-1.,0.));
#2632=DIRECTION('ref_axis',(-1.,0.,0.));
#2633=DIRECTION('',(0.,0.,-1.));
#2634=DIRECTION('center_axis',(0.,-1.,0.));
#2635=DIRECTION('ref_axis',(0.,0.,-1.));
#2636=DIRECTION('',(0.,0.,-1.));
#2637=DIRECTION('center_axis',(0.,-1.,0.));
#2638=DIRECTION('ref_axis',(0.,0.,-1.));
#2639=DIRECTION('',(1.,0.,0.));
#2640=DIRECTION('center_axis',(0.,-1.,0.));
#2641=DIRECTION('ref_axis',(1.,0.,0.));
#2642=DIRECTION('',(0.,0.,1.));
#2643=DIRECTION('center_axis',(0.,-1.,0.));
#2644=DIRECTION('ref_axis',(0.,0.,1.));
#2645=DIRECTION('',(-1.,0.,0.));
#2646=DIRECTION('center_axis',(0.,-1.,0.));
#2647=DIRECTION('ref_axis',(-1.,0.,0.));
#2648=DIRECTION('',(0.,0.,-1.));
#2649=DIRECTION('center_axis',(0.,-1.,0.));
#2650=DIRECTION('ref_axis',(0.,0.,-1.));
#2651=DIRECTION('',(1.,0.,0.));
#2652=DIRECTION('center_axis',(0.,-1.,0.));
#2653=DIRECTION('ref_axis',(1.,0.,0.));
#2654=DIRECTION('',(0.,0.,1.));
#2655=DIRECTION('center_axis',(0.,-1.,0.));
#2656=DIRECTION('ref_axis',(0.,0.,1.));
#2657=DIRECTION('',(-1.,0.,0.));
#2658=DIRECTION('center_axis',(0.,-1.,0.));
#2659=DIRECTION('ref_axis',(-1.,0.,0.));
#2660=DIRECTION('',(0.,0.,-1.));
#2661=DIRECTION('center_axis',(0.,-1.,0.));
#2662=DIRECTION('ref_axis',(0.,0.,-1.));
#2663=DIRECTION('',(1.,0.,0.));
#2664=DIRECTION('center_axis',(0.,-1.,0.));
#2665=DIRECTION('ref_axis',(1.,0.,0.));
#2666=DIRECTION('',(0.,0.,1.));
#2667=DIRECTION('center_axis',(0.,-1.,0.));
#2668=DIRECTION('ref_axis',(0.,0.,1.));
#2669=DIRECTION('',(-1.,0.,0.));
#2670=DIRECTION('center_axis',(0.,-1.,0.));
#2671=DIRECTION('ref_axis',(-1.,0.,0.));
#2672=DIRECTION('',(0.,0.,-1.));
#2673=DIRECTION('center_axis',(0.,-1.,0.));
#2674=DIRECTION('ref_axis',(0.,0.,-1.));
#2675=DIRECTION('',(1.,0.,0.));
#2676=DIRECTION('center_axis',(0.,-1.,0.));
#2677=DIRECTION('ref_axis',(1.,0.,0.));
#2678=DIRECTION('',(0.,0.,1.));
#2679=DIRECTION('center_axis',(0.,-1.,0.));
#2680=DIRECTION('ref_axis',(0.,0.,1.));
#2681=DIRECTION('',(-1.,0.,0.));
#2682=DIRECTION('center_axis',(0.,-1.,0.));
#2683=DIRECTION('ref_axis',(-1.,0.,0.));
#2684=DIRECTION('',(1.,0.,0.));
#2685=DIRECTION('center_axis',(0.,-1.,0.));
#2686=DIRECTION('ref_axis',(1.,0.,0.));
#2687=DIRECTION('',(0.,0.,1.));
#2688=DIRECTION('center_axis',(0.,-1.,0.));
#2689=DIRECTION('ref_axis',(0.,0.,1.));
#2690=DIRECTION('',(-1.,0.,0.));
#2691=DIRECTION('center_axis',(0.,-1.,0.));
#2692=DIRECTION('ref_axis',(-1.,0.,0.));
#2693=DIRECTION('',(0.,0.,-1.));
#2694=DIRECTION('center_axis',(0.,-1.,0.));
#2695=DIRECTION('ref_axis',(0.,0.,-1.));
#2696=DIRECTION('center_axis',(1.,0.,0.));
#2697=DIRECTION('ref_axis',(0.,0.,-1.));
#2698=DIRECTION('',(0.,0.,1.));
#2699=DIRECTION('',(0.,1.,0.));
#2700=DIRECTION('center_axis',(-1.,0.,0.));
#2701=DIRECTION('ref_axis',(0.,0.,1.));
#2702=DIRECTION('',(0.,-1.,0.));
#2703=DIRECTION('',(0.,0.,-1.));
#2704=DIRECTION('',(0.,1.,0.));
#2705=DIRECTION('center_axis',(5.24097489316296E-17,0.,1.));
#2706=DIRECTION('ref_axis',(1.,0.,-5.24097489316296E-17));
#2707=DIRECTION('',(-1.,0.,5.24097489316296E-17));
#2708=DIRECTION('center_axis',(0.,0.,-1.));
#2709=DIRECTION('ref_axis',(-1.,0.,0.));
#2710=DIRECTION('',(1.,0.,0.));
#2711=DIRECTION('center_axis',(-1.,0.,0.));
#2712=DIRECTION('ref_axis',(0.,0.,1.));
#2713=DIRECTION('',(0.,-1.,0.));
#2714=DIRECTION('',(0.,0.,-1.));
#2715=DIRECTION('',(0.,1.,0.));
#2716=DIRECTION('',(0.,0.,1.));
#2717=DIRECTION('center_axis',(0.,0.,1.));
#2718=DIRECTION('ref_axis',(1.,0.,0.));
#2719=DIRECTION('',(0.,1.,0.));
#2720=DIRECTION('',(1.,0.,0.));
#2721=DIRECTION('',(-1.,0.,0.));
#2722=DIRECTION('center_axis',(0.,0.,1.));
#2723=DIRECTION('ref_axis',(1.,0.,0.));
#2724=DIRECTION('',(0.,-1.,0.));
#2725=DIRECTION('',(1.,0.,0.));
#2726=DIRECTION('',(-1.,0.,0.));
#2727=DIRECTION('center_axis',(0.,1.,0.));
#2728=DIRECTION('ref_axis',(0.,0.,1.));
#2729=DIRECTION('',(0.,0.,1.));
#2730=DIRECTION('',(0.,0.,1.));
#2731=DIRECTION('',(1.,0.,0.));
#2732=DIRECTION('',(0.,0.,-1.));
#2733=DIRECTION('',(-1.,0.,0.));
#2734=DIRECTION('center_axis',(-1.,0.,0.));
#2735=DIRECTION('ref_axis',(0.,0.,1.));
#2736=DIRECTION('',(0.,0.,1.));
#2737=DIRECTION('center_axis',(1.,0.,0.));
#2738=DIRECTION('ref_axis',(0.,0.,1.));
#2739=DIRECTION('',(0.,-1.,0.));
#2740=DIRECTION('',(0.,0.,1.));
#2741=DIRECTION('',(0.,-1.,0.));
#2742=DIRECTION('center_axis',(0.,0.,-1.));
#2743=DIRECTION('ref_axis',(1.,0.,0.));
#2744=DIRECTION('',(1.,0.,0.));
#2745=DIRECTION('',(0.,-1.,0.));
#2746=DIRECTION('center_axis',(-1.,0.,0.));
#2747=DIRECTION('ref_axis',(0.,0.,-1.));
#2748=DIRECTION('',(0.,0.,-1.));
#2749=DIRECTION('',(0.,-1.,0.));
#2750=DIRECTION('center_axis',(0.,0.,1.));
#2751=DIRECTION('ref_axis',(-1.,0.,0.));
#2752=DIRECTION('',(-1.,0.,0.));
#2753=DIRECTION('center_axis',(0.,1.,0.));
#2754=DIRECTION('ref_axis',(0.,0.,1.));
#2755=DIRECTION('',(1.,0.,0.));
#2756=DIRECTION('center_axis',(0.,-1.,0.));
#2757=DIRECTION('ref_axis',(-0.707106781186547,0.,-0.707106781186548));
#2758=DIRECTION('',(0.,0.,-1.));
#2759=DIRECTION('center_axis',(0.,-1.,0.));
#2760=DIRECTION('ref_axis',(-0.707106781186548,0.,0.707106781186547));
#2761=DIRECTION('',(-1.,0.,0.));
#2762=DIRECTION('center_axis',(0.,-1.,0.));
#2763=DIRECTION('ref_axis',(0.707106781186548,0.,0.707106781186548));
#2764=DIRECTION('',(0.,0.,1.));
#2765=DIRECTION('center_axis',(0.,-1.,0.));
#2766=DIRECTION('ref_axis',(0.707106781186549,0.,-0.707106781186546));
#2767=DIRECTION('center_axis',(0.,-1.,0.));
#2768=DIRECTION('ref_axis',(-1.,0.,0.));
#2769=DIRECTION('center_axis',(0.,-1.,0.));
#2770=DIRECTION('ref_axis',(-1.,0.,0.));
#2771=DIRECTION('center_axis',(0.,-1.,0.));
#2772=DIRECTION('ref_axis',(-1.,0.,0.));
#2773=DIRECTION('center_axis',(0.,-1.,0.));
#2774=DIRECTION('ref_axis',(-1.,0.,0.));
#2775=DIRECTION('center_axis',(0.,-1.,0.));
#2776=DIRECTION('ref_axis',(-1.,0.,0.));
#2777=DIRECTION('',(0.,-1.,0.));
#2778=DIRECTION('center_axis',(0.,1.,0.));
#2779=DIRECTION('ref_axis',(-1.,0.,0.));
#2780=DIRECTION('center_axis',(0.,-1.,0.));
#2781=DIRECTION('ref_axis',(-1.,0.,0.));
#2782=DIRECTION('',(0.,-1.,0.));
#2783=DIRECTION('center_axis',(0.,1.,0.));
#2784=DIRECTION('ref_axis',(-1.,0.,0.));
#2785=DIRECTION('center_axis',(0.,-1.,0.));
#2786=DIRECTION('ref_axis',(-1.,0.,0.));
#2787=DIRECTION('',(0.,-1.,0.));
#2788=DIRECTION('center_axis',(0.,1.,0.));
#2789=DIRECTION('ref_axis',(-1.,0.,0.));
#2790=DIRECTION('center_axis',(0.,-1.,0.));
#2791=DIRECTION('ref_axis',(-1.,0.,0.));
#2792=DIRECTION('',(0.,-1.,0.));
#2793=DIRECTION('center_axis',(0.,1.,0.));
#2794=DIRECTION('ref_axis',(-1.,0.,0.));
#2795=DIRECTION('center_axis',(-1.,0.,0.));
#2796=DIRECTION('ref_axis',(0.,0.,1.));
#2797=DIRECTION('center_axis',(0.,0.,1.));
#2798=DIRECTION('ref_axis',(0.,1.,0.));
#2799=DIRECTION('center_axis',(0.,1.,0.));
#2800=DIRECTION('ref_axis',(-0.707106781186548,0.,0.707106781186547));
#2801=DIRECTION('center_axis',(0.,0.,1.));
#2802=DIRECTION('ref_axis',(-0.707106781186548,0.707106781186548,0.));
#2803=DIRECTION('center_axis',(4.44089209850062E-15,0.,1.));
#2804=DIRECTION('ref_axis',(0.,1.,0.));
#2805=DIRECTION('',(0.,0.,1.));
#2806=DIRECTION('center_axis',(-1.,0.,-1.38777878078144E-16));
#2807=DIRECTION('ref_axis',(0.,1.,0.));
#2808=DIRECTION('center_axis',(0.,1.,0.));
#2809=DIRECTION('ref_axis',(-0.707106781186547,0.,-0.707106781186548));
#2810=DIRECTION('center_axis',(-1.,0.,0.));
#2811=DIRECTION('ref_axis',(0.,0.707106781186548,-0.707106781186548));
#2812=DIRECTION('center_axis',(-1.,0.,0.));
#2813=DIRECTION('ref_axis',(0.,1.,0.));
#2814=DIRECTION('',(-1.,0.,0.));
#2815=DIRECTION('center_axis',(0.,0.,-1.));
#2816=DIRECTION('ref_axis',(0.,1.,0.));
#2817=DIRECTION('center_axis',(0.,1.,0.));
#2818=DIRECTION('ref_axis',(0.707106781186549,0.,-0.707106781186546));
#2819=DIRECTION('center_axis',(0.,0.,-1.));
#2820=DIRECTION('ref_axis',(0.707106781186546,0.707106781186549,0.));
#2821=DIRECTION('center_axis',(0.,0.,-1.));
#2822=DIRECTION('ref_axis',(0.,1.,0.));
#2823=DIRECTION('',(0.,0.,-1.));
#2824=DIRECTION('center_axis',(1.,0.,0.));
#2825=DIRECTION('ref_axis',(0.,1.,0.));
#2826=DIRECTION('center_axis',(0.,1.,0.));
#2827=DIRECTION('ref_axis',(0.707106781186548,0.,0.707106781186548));
#2828=DIRECTION('center_axis',(1.,0.,0.));
#2829=DIRECTION('ref_axis',(0.,0.707106781186549,0.707106781186546));
#2830=DIRECTION('',(1.,0.,0.));
#2831=DIRECTION('center_axis',(-1.,0.,0.));
#2832=DIRECTION('ref_axis',(0.,0.,1.));
#2833=DIRECTION('',(0.,1.,0.));
#2834=DIRECTION('',(0.,0.,1.));
#2835=DIRECTION('',(0.,-1.,0.));
#2836=DIRECTION('center_axis',(0.,-1.,0.));
#2837=DIRECTION('ref_axis',(0.707106781186548,0.,0.707106781186548));
#2838=DIRECTION('',(0.,-1.,0.));
#2839=DIRECTION('center_axis',(0.,1.,0.));
#2840=DIRECTION('ref_axis',(0.707106781186548,0.,0.707106781186548));
#2841=DIRECTION('center_axis',(0.,0.,-1.));
#2842=DIRECTION('ref_axis',(-1.,0.,0.));
#2843=DIRECTION('',(0.,1.,0.));
#2844=DIRECTION('',(-1.,0.,0.));
#2845=DIRECTION('center_axis',(0.,1.,0.));
#2846=DIRECTION('ref_axis',(-0.707106781186549,0.,0.707106781186546));
#2847=DIRECTION('',(0.,-1.,0.));
#2848=DIRECTION('center_axis',(0.,1.,0.));
#2849=DIRECTION('ref_axis',(-0.707106781186549,0.,0.707106781186546));
#2850=DIRECTION('center_axis',(0.,-1.,0.));
#2851=DIRECTION('ref_axis',(0.707106781186549,0.,-0.707106781186546));
#2852=DIRECTION('center_axis',(0.,1.,0.));
#2853=DIRECTION('ref_axis',(0.707106781186549,0.,-0.707106781186546));
#2854=DIRECTION('',(0.,1.,0.));
#2855=DIRECTION('center_axis',(0.,0.,1.));
#2856=DIRECTION('ref_axis',(1.,0.,0.));
#2857=DIRECTION('',(1.,0.,0.));
#2858=DIRECTION('',(0.,-1.,0.));
#2859=DIRECTION('center_axis',(0.,-1.,0.));
#2860=DIRECTION('ref_axis',(-0.707106781186548,0.,-0.707106781186548));
#2861=DIRECTION('center_axis',(0.,1.,0.));
#2862=DIRECTION('ref_axis',(-0.707106781186548,0.,-0.707106781186548));
#2863=DIRECTION('',(0.,1.,0.));
#2864=DIRECTION('center_axis',(1.,0.,0.));
#2865=DIRECTION('ref_axis',(0.,0.,-1.));
#2866=DIRECTION('',(0.,0.,-1.));
#2867=DIRECTION('center_axis',(0.,1.,0.));
#2868=DIRECTION('ref_axis',(-1.,0.,0.));
#2869=DIRECTION('center_axis',(0.,1.,0.));
#2870=DIRECTION('ref_axis',(-1.,0.,0.));
#2871=DIRECTION('',(1.,0.,0.));
#2872=DIRECTION('center_axis',(0.,1.,0.));
#2873=DIRECTION('ref_axis',(0.,0.,1.));
#2874=DIRECTION('',(0.,0.,-1.));
#2875=DIRECTION('center_axis',(0.,1.,0.));
#2876=DIRECTION('ref_axis',(1.,0.,0.));
#2877=DIRECTION('',(-1.,0.,0.));
#2878=DIRECTION('center_axis',(0.,1.,0.));
#2879=DIRECTION('ref_axis',(0.,0.,-1.));
#2880=DIRECTION('',(0.,0.,1.));
#2881=DIRECTION('',(0.,0.,1.));
#2882=DIRECTION('center_axis',(0.,1.,0.));
#2883=DIRECTION('ref_axis',(-1.,0.,0.));
#2884=DIRECTION('',(1.,0.,0.));
#2885=DIRECTION('center_axis',(0.,1.,0.));
#2886=DIRECTION('ref_axis',(0.,0.,1.));
#2887=DIRECTION('',(0.,0.,-1.));
#2888=DIRECTION('center_axis',(0.,1.,0.));
#2889=DIRECTION('ref_axis',(1.,0.,0.));
#2890=DIRECTION('',(-1.,0.,0.));
#2891=DIRECTION('center_axis',(0.,1.,0.));
#2892=DIRECTION('ref_axis',(0.,0.,-1.));
#2893=DIRECTION('',(0.,0.,1.));
#2894=DIRECTION('center_axis',(0.,1.,0.));
#2895=DIRECTION('ref_axis',(-1.,0.,0.));
#2896=DIRECTION('',(1.,0.,0.));
#2897=DIRECTION('center_axis',(0.,1.,0.));
#2898=DIRECTION('ref_axis',(0.,0.,1.));
#2899=DIRECTION('',(0.,0.,-1.));
#2900=DIRECTION('center_axis',(0.,1.,0.));
#2901=DIRECTION('ref_axis',(1.,0.,0.));
#2902=DIRECTION('',(-1.,0.,0.));
#2903=DIRECTION('center_axis',(0.,1.,0.));
#2904=DIRECTION('ref_axis',(0.,0.,-1.));
#2905=DIRECTION('',(0.,0.,1.));
#2906=DIRECTION('center_axis',(0.,1.,0.));
#2907=DIRECTION('ref_axis',(-1.,0.,0.));
#2908=DIRECTION('',(1.,0.,1.70803542250024E-16));
#2909=DIRECTION('center_axis',(0.,1.,0.));
#2910=DIRECTION('ref_axis',(0.,1.85037170770859E-16,1.));
#2911=DIRECTION('',(0.,0.,-1.));
#2912=DIRECTION('center_axis',(0.,1.,0.));
#2913=DIRECTION('ref_axis',(1.,0.,0.));
#2914=DIRECTION('',(-1.,0.,0.));
#2915=DIRECTION('center_axis',(0.,1.,0.));
#2916=DIRECTION('ref_axis',(0.,-1.85037170770859E-16,-1.));
#2917=DIRECTION('',(0.,0.,1.));
#2918=DIRECTION('center_axis',(0.,1.,0.));
#2919=DIRECTION('ref_axis',(-1.,0.,0.));
#2920=DIRECTION('',(1.,0.,-3.41607084500048E-16));
#2921=DIRECTION('center_axis',(0.,1.,0.));
#2922=DIRECTION('ref_axis',(0.,0.,1.));
#2923=DIRECTION('',(-1.70803542250024E-16,0.,-1.));
#2924=DIRECTION('center_axis',(0.,1.,0.));
#2925=DIRECTION('ref_axis',(1.,0.,0.));
#2926=DIRECTION('',(-1.,0.,0.));
#2927=DIRECTION('center_axis',(0.,1.,0.));
#2928=DIRECTION('ref_axis',(0.,0.,-1.));
#2929=DIRECTION('center_axis',(0.,1.,0.));
#2930=DIRECTION('ref_axis',(-1.,0.,0.));
#2931=DIRECTION('',(1.,0.,0.));
#2932=DIRECTION('center_axis',(0.,1.,0.));
#2933=DIRECTION('ref_axis',(0.,0.,1.));
#2934=DIRECTION('',(0.,0.,-1.));
#2935=DIRECTION('center_axis',(0.,1.,0.));
#2936=DIRECTION('ref_axis',(1.,0.,0.));
#2937=DIRECTION('',(-1.,0.,0.));
#2938=DIRECTION('center_axis',(0.,1.,0.));
#2939=DIRECTION('ref_axis',(0.,0.,-1.));
#2940=DIRECTION('',(0.,0.,1.));
#2941=DIRECTION('',(-1.,0.,0.));
#2942=DIRECTION('center_axis',(0.,1.,0.));
#2943=DIRECTION('ref_axis',(0.,0.,-1.));
#2944=DIRECTION('',(0.,0.,1.));
#2945=DIRECTION('center_axis',(0.,1.,0.));
#2946=DIRECTION('ref_axis',(-1.,0.,0.));
#2947=DIRECTION('',(1.,0.,3.41607084500048E-16));
#2948=DIRECTION('center_axis',(0.,1.,0.));
#2949=DIRECTION('ref_axis',(0.,0.,1.));
#2950=DIRECTION('',(0.,0.,-1.));
#2951=DIRECTION('center_axis',(0.,1.,0.));
#2952=DIRECTION('ref_axis',(1.,0.,0.));
#2953=DIRECTION('',(0.,0.,1.));
#2954=DIRECTION('center_axis',(0.,1.,0.));
#2955=DIRECTION('ref_axis',(-1.,0.,0.));
#2956=DIRECTION('',(1.,0.,0.));
#2957=DIRECTION('center_axis',(0.,1.,0.));
#2958=DIRECTION('ref_axis',(0.,0.,1.));
#2959=DIRECTION('',(0.,0.,-1.));
#2960=DIRECTION('center_axis',(0.,1.,0.));
#2961=DIRECTION('ref_axis',(1.,0.,0.));
#2962=DIRECTION('',(-1.,0.,0.));
#2963=DIRECTION('center_axis',(0.,1.,0.));
#2964=DIRECTION('ref_axis',(0.,0.,-1.));
#2965=DIRECTION('',(0.,0.,1.));
#2966=DIRECTION('center_axis',(0.,1.,0.));
#2967=DIRECTION('ref_axis',(-1.,0.,0.));
#2968=DIRECTION('',(1.,0.,0.));
#2969=DIRECTION('center_axis',(0.,1.,0.));
#2970=DIRECTION('ref_axis',(0.,0.,1.));
#2971=DIRECTION('',(0.,0.,-1.));
#2972=DIRECTION('center_axis',(0.,1.,0.));
#2973=DIRECTION('ref_axis',(1.,0.,0.));
#2974=DIRECTION('',(-1.,0.,0.));
#2975=DIRECTION('center_axis',(0.,1.,0.));
#2976=DIRECTION('ref_axis',(0.,0.,-1.));
#2977=DIRECTION('',(-1.,0.,0.));
#2978=DIRECTION('center_axis',(0.,1.,0.));
#2979=DIRECTION('ref_axis',(0.,0.,-1.));
#2980=DIRECTION('',(0.,0.,1.));
#2981=DIRECTION('center_axis',(0.,1.,0.));
#2982=DIRECTION('ref_axis',(-1.,0.,0.));
#2983=DIRECTION('',(1.,0.,0.));
#2984=DIRECTION('center_axis',(0.,1.,0.));
#2985=DIRECTION('ref_axis',(0.,0.,1.));
#2986=DIRECTION('',(0.,0.,-1.));
#2987=DIRECTION('center_axis',(0.,1.,0.));
#2988=DIRECTION('ref_axis',(1.,0.,0.));
#2989=DIRECTION('center_axis',(0.,0.,1.));
#2990=DIRECTION('ref_axis',(-1.,0.,0.));
#2991=DIRECTION('',(0.,-1.,0.));
#2992=DIRECTION('',(0.,-1.,0.));
#2993=DIRECTION('center_axis',(0.,-1.,0.));
#2994=DIRECTION('ref_axis',(-1.,0.,0.));
#2995=DIRECTION('',(0.,-1.,0.));
#2996=DIRECTION('center_axis',(-1.,0.,0.));
#2997=DIRECTION('ref_axis',(0.,-2.22044604925031E-16,-1.));
#2998=DIRECTION('',(0.,-1.,0.));
#2999=DIRECTION('center_axis',(0.,-1.,0.));
#3000=DIRECTION('ref_axis',(0.,0.,-1.));
#3001=DIRECTION('',(0.,-1.,0.));
#3002=DIRECTION('center_axis',(0.,0.,-1.));
#3003=DIRECTION('ref_axis',(1.,0.,0.));
#3004=DIRECTION('',(0.,-1.,0.));
#3005=DIRECTION('center_axis',(0.,-1.,0.));
#3006=DIRECTION('ref_axis',(0.,0.,1.));
#3007=DIRECTION('',(0.,-1.,0.));
#3008=DIRECTION('center_axis',(1.,0.,0.));
#3009=DIRECTION('ref_axis',(0.,2.22044604925031E-16,1.));
#3010=DIRECTION('',(0.,-1.,0.));
#3011=DIRECTION('center_axis',(0.,-1.,0.));
#3012=DIRECTION('ref_axis',(1.,0.,0.));
#3013=DIRECTION('center_axis',(0.,-1.,0.));
#3014=DIRECTION('ref_axis',(1.,0.,0.));
#3015=DIRECTION('',(0.,-1.,0.));
#3016=DIRECTION('',(0.,-1.,0.));
#3017=DIRECTION('center_axis',(1.,0.,0.));
#3018=DIRECTION('ref_axis',(0.,2.22044604925031E-16,1.));
#3019=DIRECTION('',(0.,-1.,0.));
#3020=DIRECTION('center_axis',(0.,-1.,0.));
#3021=DIRECTION('ref_axis',(0.,0.,1.));
#3022=DIRECTION('',(0.,-1.,0.));
#3023=DIRECTION('center_axis',(0.,0.,1.));
#3024=DIRECTION('ref_axis',(-1.,0.,0.));
#3025=DIRECTION('',(0.,-1.,0.));
#3026=DIRECTION('center_axis',(0.,-1.,0.));
#3027=DIRECTION('ref_axis',(-1.,0.,0.));
#3028=DIRECTION('',(0.,-1.,0.));
#3029=DIRECTION('center_axis',(0.,0.,-1.));
#3030=DIRECTION('ref_axis',(1.,0.,0.));
#3031=DIRECTION('',(0.,-1.,0.));
#3032=DIRECTION('center_axis',(0.,-1.,0.));
#3033=DIRECTION('ref_axis',(0.,0.,-1.));
#3034=DIRECTION('',(0.,-1.,0.));
#3035=DIRECTION('center_axis',(-1.,0.,0.));
#3036=DIRECTION('ref_axis',(0.,-2.22044604925031E-16,-1.));
#3037=DIRECTION('center_axis',(1.,0.,0.));
#3038=DIRECTION('ref_axis',(0.,2.22044604925031E-16,1.));
#3039=DIRECTION('',(0.,-1.,0.));
#3040=DIRECTION('',(0.,-1.,0.));
#3041=DIRECTION('center_axis',(0.,-1.,0.));
#3042=DIRECTION('ref_axis',(0.,0.,1.));
#3043=DIRECTION('',(0.,-1.,0.));
#3044=DIRECTION('center_axis',(0.,0.,1.));
#3045=DIRECTION('ref_axis',(-1.,0.,0.));
#3046=DIRECTION('',(0.,-1.,0.));
#3047=DIRECTION('center_axis',(0.,-1.,0.));
#3048=DIRECTION('ref_axis',(-1.,0.,0.));
#3049=DIRECTION('',(0.,-1.,0.));
#3050=DIRECTION('center_axis',(-1.,0.,0.));
#3051=DIRECTION('ref_axis',(0.,-2.22044604925031E-16,-1.));
#3052=DIRECTION('',(0.,-1.,0.));
#3053=DIRECTION('center_axis',(0.,-1.,0.));
#3054=DIRECTION('ref_axis',(1.,0.,0.));
#3055=DIRECTION('',(0.,-1.,0.));
#3056=DIRECTION('center_axis',(0.,0.,-1.));
#3057=DIRECTION('ref_axis',(1.,0.,0.));
#3058=DIRECTION('',(0.,-1.,0.));
#3059=DIRECTION('center_axis',(0.,-1.,0.));
#3060=DIRECTION('ref_axis',(0.,0.,-1.));
#3061=DIRECTION('center_axis',(1.,0.,0.));
#3062=DIRECTION('ref_axis',(0.,2.22044604925031E-16,1.));
#3063=DIRECTION('',(0.,-1.,0.));
#3064=DIRECTION('',(0.,-1.,0.));
#3065=DIRECTION('center_axis',(0.,-1.,0.));
#3066=DIRECTION('ref_axis',(0.,0.,1.));
#3067=DIRECTION('',(0.,-1.,0.));
#3068=DIRECTION('center_axis',(0.,0.,1.));
#3069=DIRECTION('ref_axis',(-1.,0.,0.));
#3070=DIRECTION('',(0.,-1.,0.));
#3071=DIRECTION('center_axis',(0.,-1.,0.));
#3072=DIRECTION('ref_axis',(-1.,0.,0.));
#3073=DIRECTION('',(0.,-1.,0.));
#3074=DIRECTION('center_axis',(-1.,0.,0.));
#3075=DIRECTION('ref_axis',(0.,-2.22044604925031E-16,-1.));
#3076=DIRECTION('',(0.,-1.,0.));
#3077=DIRECTION('center_axis',(0.,-1.,0.));
#3078=DIRECTION('ref_axis',(1.,0.,0.));
#3079=DIRECTION('',(0.,-1.,0.));
#3080=DIRECTION('center_axis',(0.,0.,-1.));
#3081=DIRECTION('ref_axis',(1.,0.,0.));
#3082=DIRECTION('',(0.,-1.,0.));
#3083=DIRECTION('center_axis',(0.,-1.,0.));
#3084=DIRECTION('ref_axis',(0.,0.,-1.));
#3085=DIRECTION('center_axis',(1.,0.,0.));
#3086=DIRECTION('ref_axis',(0.,2.22044604925031E-16,1.));
#3087=DIRECTION('',(0.,-1.,0.));
#3088=DIRECTION('',(0.,-1.,0.));
#3089=DIRECTION('center_axis',(0.,-1.,0.));
#3090=DIRECTION('ref_axis',(0.,0.,1.));
#3091=DIRECTION('',(0.,-1.,0.));
#3092=DIRECTION('center_axis',(0.,0.,1.));
#3093=DIRECTION('ref_axis',(-1.,0.,0.));
#3094=DIRECTION('',(0.,-1.,0.));
#3095=DIRECTION('center_axis',(0.,-1.,0.));
#3096=DIRECTION('ref_axis',(-1.,0.,0.));
#3097=DIRECTION('',(0.,-1.,0.));
#3098=DIRECTION('center_axis',(-1.,0.,0.));
#3099=DIRECTION('ref_axis',(0.,-2.22044604925031E-16,-1.));
#3100=DIRECTION('',(0.,-1.,0.));
#3101=DIRECTION('center_axis',(0.,-1.,0.));
#3102=DIRECTION('ref_axis',(1.,0.,0.));
#3103=DIRECTION('',(0.,-1.,0.));
#3104=DIRECTION('center_axis',(0.,0.,-1.));
#3105=DIRECTION('ref_axis',(1.,0.,0.));
#3106=DIRECTION('',(0.,-1.,0.));
#3107=DIRECTION('center_axis',(0.,-1.,0.));
#3108=DIRECTION('ref_axis',(0.,0.,-1.));
#3109=DIRECTION('center_axis',(1.,0.,0.));
#3110=DIRECTION('ref_axis',(0.,2.22044604925031E-16,1.));
#3111=DIRECTION('',(0.,-1.,0.));
#3112=DIRECTION('',(0.,-1.,0.));
#3113=DIRECTION('center_axis',(0.,-1.,0.));
#3114=DIRECTION('ref_axis',(0.,0.,1.));
#3115=DIRECTION('',(0.,-1.,0.));
#3116=DIRECTION('center_axis',(0.,0.,1.));
#3117=DIRECTION('ref_axis',(-1.,0.,0.));
#3118=DIRECTION('',(0.,-1.,0.));
#3119=DIRECTION('center_axis',(0.,-1.,0.));
#3120=DIRECTION('ref_axis',(-1.,0.,0.));
#3121=DIRECTION('',(0.,-1.,0.));
#3122=DIRECTION('center_axis',(-1.,0.,0.));
#3123=DIRECTION('ref_axis',(0.,-2.22044604925031E-16,-1.));
#3124=DIRECTION('',(0.,-1.,0.));
#3125=DIRECTION('center_axis',(0.,-1.,0.));
#3126=DIRECTION('ref_axis',(1.,0.,0.));
#3127=DIRECTION('',(0.,-1.,0.));
#3128=DIRECTION('center_axis',(0.,0.,-1.));
#3129=DIRECTION('ref_axis',(1.,0.,0.));
#3130=DIRECTION('',(0.,-1.,0.));
#3131=DIRECTION('center_axis',(0.,-1.,0.));
#3132=DIRECTION('ref_axis',(0.,0.,-1.));
#3133=DIRECTION('center_axis',(-3.41607084500048E-16,0.,1.));
#3134=DIRECTION('ref_axis',(-1.,-7.58520101174049E-32,-3.41607084500048E-16));
#3135=DIRECTION('',(0.,-1.,0.));
#3136=DIRECTION('',(0.,-1.,0.));
#3137=DIRECTION('center_axis',(0.,-1.,0.));
#3138=DIRECTION('ref_axis',(-1.,0.,0.));
#3139=DIRECTION('',(0.,-1.,0.));
#3140=DIRECTION('center_axis',(-1.,0.,0.));
#3141=DIRECTION('ref_axis',(0.,-2.22044604925031E-16,-1.));
#3142=DIRECTION('',(0.,-1.,0.));
#3143=DIRECTION('center_axis',(0.,-1.,0.));
#3144=DIRECTION('ref_axis',(0.,0.,-1.));
#3145=DIRECTION('',(0.,-1.,0.));
#3146=DIRECTION('center_axis',(0.,0.,-1.));
#3147=DIRECTION('ref_axis',(1.,0.,0.));
#3148=DIRECTION('',(0.,-1.,0.));
#3149=DIRECTION('center_axis',(0.,-1.,0.));
#3150=DIRECTION('ref_axis',(0.,0.,1.));
#3151=DIRECTION('',(0.,-1.,0.));
#3152=DIRECTION('center_axis',(1.,0.,0.));
#3153=DIRECTION('ref_axis',(0.,2.22044604925031E-16,1.));
#3154=DIRECTION('',(0.,-1.,0.));
#3155=DIRECTION('center_axis',(0.,-1.,0.));
#3156=DIRECTION('ref_axis',(1.,0.,0.));
#3157=DIRECTION('center_axis',(0.,-1.,0.));
#3158=DIRECTION('ref_axis',(1.,0.,0.));
#3159=DIRECTION('',(0.,-1.,0.));
#3160=DIRECTION('',(0.,-1.,0.));
#3161=DIRECTION('center_axis',(1.,0.,0.));
#3162=DIRECTION('ref_axis',(0.,2.22044604925031E-16,1.));
#3163=DIRECTION('',(0.,-1.,0.));
#3164=DIRECTION('center_axis',(0.,-1.,0.));
#3165=DIRECTION('ref_axis',(0.,0.,1.));
#3166=DIRECTION('',(0.,-1.,0.));
#3167=DIRECTION('center_axis',(0.,0.,1.));
#3168=DIRECTION('ref_axis',(-1.,0.,0.));
#3169=DIRECTION('',(0.,-1.,0.));
#3170=DIRECTION('center_axis',(0.,-1.,0.));
#3171=DIRECTION('ref_axis',(-1.,0.,0.));
#3172=DIRECTION('',(0.,-1.,0.));
#3173=DIRECTION('center_axis',(0.,0.,-1.));
#3174=DIRECTION('ref_axis',(1.,0.,0.));
#3175=DIRECTION('',(0.,-1.,0.));
#3176=DIRECTION('center_axis',(0.,-1.,0.));
#3177=DIRECTION('ref_axis',(0.,0.,-1.));
#3178=DIRECTION('',(0.,-1.,0.));
#3179=DIRECTION('center_axis',(-1.,0.,0.));
#3180=DIRECTION('ref_axis',(0.,-2.22044604925031E-16,-1.));
#3181=DIRECTION('center_axis',(1.,0.,-1.70803542250024E-16));
#3182=DIRECTION('ref_axis',(1.70803542250024E-16,2.22044604925031E-16,1.));
#3183=DIRECTION('',(0.,-1.,0.));
#3184=DIRECTION('',(0.,-1.,0.));
#3185=DIRECTION('center_axis',(0.,-1.,0.));
#3186=DIRECTION('ref_axis',(0.,0.,1.));
#3187=DIRECTION('',(0.,-1.,0.));
#3188=DIRECTION('center_axis',(3.41607084500048E-16,0.,1.));
#3189=DIRECTION('ref_axis',(-1.,7.5852010117405E-32,3.41607084500048E-16));
#3190=DIRECTION('',(0.,-1.,0.));
#3191=DIRECTION('center_axis',(0.,-1.,0.));
#3192=DIRECTION('ref_axis',(-1.,0.,0.));
#3193=DIRECTION('',(0.,-1.,0.));
#3194=DIRECTION('center_axis',(-1.,0.,0.));
#3195=DIRECTION('ref_axis',(0.,-2.22044604925031E-16,-1.));
#3196=DIRECTION('',(0.,-1.,0.));
#3197=DIRECTION('center_axis',(0.,-1.,0.));
#3198=DIRECTION('ref_axis',(1.,0.,0.));
#3199=DIRECTION('',(0.,-1.,0.));
#3200=DIRECTION('center_axis',(0.,0.,-1.));
#3201=DIRECTION('ref_axis',(1.,0.,0.));
#3202=DIRECTION('',(0.,-1.,0.));
#3203=DIRECTION('center_axis',(0.,-1.,0.));
#3204=DIRECTION('ref_axis',(0.,0.,-1.));
#3205=DIRECTION('center_axis',(1.,0.,0.));
#3206=DIRECTION('ref_axis',(0.,2.22044604925031E-16,1.));
#3207=DIRECTION('',(0.,-1.,1.85037170770859E-16));
#3208=DIRECTION('',(0.,-1.,1.85037170770859E-16));
#3209=DIRECTION('center_axis',(0.,-1.,1.85037170770859E-16));
#3210=DIRECTION('ref_axis',(0.,1.85037170770859E-16,1.));
#3211=DIRECTION('',(0.,-1.,1.85037170770859E-16));
#3212=DIRECTION('center_axis',(-1.70803542250024E-16,1.85037170770859E-16,
1.));
#3213=DIRECTION('ref_axis',(-1.,-3.79260050587025E-32,-1.70803542250024E-16));
#3214=DIRECTION('',(0.,-1.,1.85037170770859E-16));
#3215=DIRECTION('center_axis',(0.,-1.,1.85037170770859E-16));
#3216=DIRECTION('ref_axis',(-1.,0.,0.));
#3217=DIRECTION('',(0.,-1.,1.85037170770859E-16));
#3218=DIRECTION('center_axis',(-1.,0.,0.));
#3219=DIRECTION('ref_axis',(0.,-2.22044604925031E-16,-1.));
#3220=DIRECTION('',(0.,-1.,1.85037170770859E-16));
#3221=DIRECTION('center_axis',(0.,-1.,1.85037170770859E-16));
#3222=DIRECTION('ref_axis',(1.,0.,0.));
#3223=DIRECTION('',(0.,-1.,1.85037170770859E-16));
#3224=DIRECTION('center_axis',(0.,-1.85037170770859E-16,-1.));
#3225=DIRECTION('ref_axis',(1.,0.,0.));
#3226=DIRECTION('',(0.,-1.,1.85037170770859E-16));
#3227=DIRECTION('center_axis',(0.,-1.,1.85037170770859E-16));
#3228=DIRECTION('ref_axis',(0.,-1.85037170770859E-16,-1.));
#3229=CARTESIAN_POINT('',(0.,0.,0.));
#3230=CARTESIAN_POINT('Origin',(1.13453613688797,16.01,-8.03442942015017));
#3231=CARTESIAN_POINT('',(5.68453613688797,17.51,-8.03442942015017));
#3232=CARTESIAN_POINT('',(5.68453613688797,19.01,-8.03442942015017));
#3233=CARTESIAN_POINT('',(5.68453613688797,16.01,-8.03442942015018));
#3234=CARTESIAN_POINT('',(26.092556132642,17.51,-8.03442942015017));
#3235=CARTESIAN_POINT('',(18.05726733106,17.51,-8.03442942015017));
#3236=CARTESIAN_POINT('',(26.092556132642,19.01,-8.03442942015017));
#3237=CARTESIAN_POINT('',(26.092556132642,16.76,-8.03442942015017));
#3238=CARTESIAN_POINT('',(20.090786136888,19.01,-8.03442942015016));
#3239=CARTESIAN_POINT('Origin',(26.092556132642,17.51,-12.534525812524));
#3240=CARTESIAN_POINT('',(26.092556132642,17.51,10.8380213567125));
#3241=CARTESIAN_POINT('',(26.092556132642,17.51,9.22398722242699));
#3242=CARTESIAN_POINT('',(26.092556132642,19.01,10.8380213567125));
#3243=CARTESIAN_POINT('',(26.092556132642,17.51,10.8380213567125));
#3244=CARTESIAN_POINT('',(26.092556132642,19.01,9.20552238366292));
#3245=CARTESIAN_POINT('Origin',(34.9799985252321,17.51,30.982500257378));
#3246=CARTESIAN_POINT('',(5.68453613688798,17.51,69.4255705798498));
#3247=CARTESIAN_POINT('',(5.68453613688797,17.51,52.7040354186139));
#3248=CARTESIAN_POINT('',(64.209536136888,17.51,69.4255705798498));
#3249=CARTESIAN_POINT('',(51.96976733106,17.51,69.4255705798498));
#3250=CARTESIAN_POINT('',(64.209536136888,17.51,10.8380213567125));
#3251=CARTESIAN_POINT('',(64.209536136888,17.51,9.22403541861391));
#3252=CARTESIAN_POINT('',(30.786277328937,17.51,10.8380213567125));
#3253=CARTESIAN_POINT('',(28.5319007045044,17.51,66.4668660416865));
#3254=CARTESIAN_POINT('',(28.0319007045044,17.51,65.9668660416865));
#3255=CARTESIAN_POINT('Origin',(28.5319007045044,17.51,65.9668660416865));
#3256=CARTESIAN_POINT('',(28.0319007045044,17.51,52.9668660416865));
#3257=CARTESIAN_POINT('',(28.0319007045044,17.51,48.4746831495322));
#3258=CARTESIAN_POINT('',(28.5319007045044,17.51,52.4668660416865));
#3259=CARTESIAN_POINT('Origin',(28.5319007045044,17.51,52.9668660416865));
#3260=CARTESIAN_POINT('',(41.5319007045044,17.51,52.4668660416865));
#3261=CARTESIAN_POINT('',(31.7559496148682,17.51,52.4668660416865));
#3262=CARTESIAN_POINT('',(42.0319007045044,17.51,52.9668660416865));
#3263=CARTESIAN_POINT('Origin',(41.5319007045044,17.51,52.9668660416865));
#3264=CARTESIAN_POINT('',(42.0319007045044,17.51,65.9668660416865));
#3265=CARTESIAN_POINT('',(42.0319007045044,17.51,41.9746831495322));
#3266=CARTESIAN_POINT('',(41.5319007045044,17.51,66.4668660416865));
#3267=CARTESIAN_POINT('Origin',(41.5319007045044,17.51,65.9668660416865));
#3268=CARTESIAN_POINT('',(38.2559496148682,17.51,66.4668660416865));
#3269=CARTESIAN_POINT('',(8.98190070450436,17.51,8.81686604168648));
#3270=CARTESIAN_POINT('',(8.98190070450436,17.51,-4.18313395831352));
#3271=CARTESIAN_POINT('',(8.98190070450436,17.51,19.8996831495322));
#3272=CARTESIAN_POINT('',(9.48190070450437,17.51,-4.68313395831352));
#3273=CARTESIAN_POINT('Origin',(9.48190070450437,17.51,-4.18313395831352));
#3274=CARTESIAN_POINT('',(22.4819007045044,17.51,-4.68313395831352));
#3275=CARTESIAN_POINT('',(22.2309496148682,17.51,-4.68313395831351));
#3276=CARTESIAN_POINT('',(22.9819007045044,17.51,-4.18313395831352));
#3277=CARTESIAN_POINT('Origin',(22.4819007045044,17.51,-4.18313395831352));
#3278=CARTESIAN_POINT('',(22.9819007045044,17.51,8.81686604168648));
#3279=CARTESIAN_POINT('',(22.9819007045044,17.51,13.3996831495322));
#3280=CARTESIAN_POINT('',(22.4819007045044,17.51,9.31686604168648));
#3281=CARTESIAN_POINT('Origin',(22.4819007045044,17.51,8.81686604168648));
#3282=CARTESIAN_POINT('',(9.48190070450437,17.51,9.31686604168648));
#3283=CARTESIAN_POINT('',(28.7309496148682,17.51,9.31686604168649));
#3284=CARTESIAN_POINT('Origin',(9.48190070450437,17.51,8.81686604168648));
#3285=CARTESIAN_POINT('',(8.98190070450436,17.51,27.8668660416865));
#3286=CARTESIAN_POINT('',(8.98190070450436,17.51,14.8668660416865));
#3287=CARTESIAN_POINT('',(8.98190070450436,17.51,29.4246831495322));
#3288=CARTESIAN_POINT('',(9.48190070450437,17.51,14.3668660416865));
#3289=CARTESIAN_POINT('Origin',(9.48190070450437,17.51,14.8668660416865));
#3290=CARTESIAN_POINT('',(22.4819007045044,17.51,14.3668660416865));
#3291=CARTESIAN_POINT('',(22.2309496148682,17.51,14.3668660416865));
#3292=CARTESIAN_POINT('',(22.9819007045044,17.51,14.8668660416865));
#3293=CARTESIAN_POINT('Origin',(22.4819007045044,17.51,14.8668660416865));
#3294=CARTESIAN_POINT('',(22.9819007045044,17.51,27.8668660416865));
#3295=CARTESIAN_POINT('',(22.9819007045044,17.51,22.9246831495322));
#3296=CARTESIAN_POINT('',(22.4819007045044,17.51,28.3668660416865));
#3297=CARTESIAN_POINT('Origin',(22.4819007045044,17.51,27.8668660416865));
#3298=CARTESIAN_POINT('',(9.48190070450437,17.51,28.3668660416865));
#3299=CARTESIAN_POINT('',(28.7309496148682,17.51,28.3668660416865));
#3300=CARTESIAN_POINT('Origin',(9.48190070450437,17.51,27.8668660416865));
#3301=CARTESIAN_POINT('',(28.5319007045044,17.51,28.3668660416865));
#3302=CARTESIAN_POINT('',(28.0319007045044,17.51,27.8668660416865));
#3303=CARTESIAN_POINT('Origin',(28.5319007045044,17.51,27.8668660416865));
#3304=CARTESIAN_POINT('',(28.0319007045044,17.51,14.8668660416865));
#3305=CARTESIAN_POINT('',(28.0319007045044,17.51,29.4246831495322));
#3306=CARTESIAN_POINT('',(28.5319007045044,17.51,14.3668660416865));
#3307=CARTESIAN_POINT('Origin',(28.5319007045044,17.51,14.8668660416865));
#3308=CARTESIAN_POINT('',(41.5319007045044,17.51,14.3668660416865));
#3309=CARTESIAN_POINT('',(31.7559496148682,17.51,14.3668660416865));
#3310=CARTESIAN_POINT('',(42.0319007045044,17.51,14.8668660416865));
#3311=CARTESIAN_POINT('Origin',(41.5319007045044,17.51,14.8668660416865));
#3312=CARTESIAN_POINT('',(42.0319007045044,17.51,27.8668660416865));
#3313=CARTESIAN_POINT('',(42.0319007045044,17.51,22.9246831495322));
#3314=CARTESIAN_POINT('',(41.5319007045044,17.51,28.3668660416865));
#3315=CARTESIAN_POINT('Origin',(41.5319007045044,17.51,27.8668660416865));
#3316=CARTESIAN_POINT('',(38.2559496148682,17.51,28.3668660416865));
#3317=CARTESIAN_POINT('',(47.5819007045044,17.51,14.3668660416865));
#3318=CARTESIAN_POINT('',(60.5819007045044,17.51,14.3668660416865));
#3319=CARTESIAN_POINT('',(41.2809496148682,17.51,14.3668660416865));
#3320=CARTESIAN_POINT('',(61.0819007045044,17.51,14.8668660416865));
#3321=CARTESIAN_POINT('Origin',(60.5819007045044,17.51,14.8668660416865));
#3322=CARTESIAN_POINT('',(61.0819007045044,17.51,27.8668660416865));
#3323=CARTESIAN_POINT('',(61.0819007045044,17.51,22.9246831495322));
#3324=CARTESIAN_POINT('',(60.5819007045044,17.51,28.3668660416865));
#3325=CARTESIAN_POINT('Origin',(60.5819007045044,17.51,27.8668660416865));
#3326=CARTESIAN_POINT('',(47.5819007045044,17.51,28.3668660416865));
#3327=CARTESIAN_POINT('',(47.7809496148682,17.51,28.3668660416865));
#3328=CARTESIAN_POINT('',(47.0819007045044,17.51,27.8668660416865));
#3329=CARTESIAN_POINT('Origin',(47.5819007045044,17.51,27.8668660416865));
#3330=CARTESIAN_POINT('',(47.0819007045044,17.51,14.8668660416865));
#3331=CARTESIAN_POINT('',(47.0819007045044,17.51,29.4246831495322));
#3332=CARTESIAN_POINT('Origin',(47.5819007045044,17.51,14.8668660416865));
#3333=CARTESIAN_POINT('',(47.0819007045044,17.51,46.9168660416865));
#3334=CARTESIAN_POINT('',(47.0819007045044,17.51,33.9168660416865));
#3335=CARTESIAN_POINT('',(47.0819007045044,17.51,38.9496831495322));
#3336=CARTESIAN_POINT('',(47.5819007045044,17.51,33.4168660416865));
#3337=CARTESIAN_POINT('Origin',(47.5819007045044,17.51,33.9168660416865));
#3338=CARTESIAN_POINT('',(60.5819007045044,17.51,33.4168660416865));
#3339=CARTESIAN_POINT('',(41.2809496148682,17.51,33.4168660416865));
#3340=CARTESIAN_POINT('',(61.0819007045044,17.51,33.9168660416865));
#3341=CARTESIAN_POINT('Origin',(60.5819007045044,17.51,33.9168660416865));
#3342=CARTESIAN_POINT('',(61.0819007045044,17.51,46.9168660416865));
#3343=CARTESIAN_POINT('',(61.0819007045044,17.51,32.4496831495322));
#3344=CARTESIAN_POINT('',(60.5819007045044,17.51,47.4168660416865));
#3345=CARTESIAN_POINT('Origin',(60.5819007045044,17.51,46.9168660416865));
#3346=CARTESIAN_POINT('',(47.5819007045044,17.51,47.4168660416865));
#3347=CARTESIAN_POINT('',(47.7809496148682,17.51,47.4168660416865));
#3348=CARTESIAN_POINT('Origin',(47.5819007045044,17.51,46.9168660416865));
#3349=CARTESIAN_POINT('',(28.0319007045044,17.51,46.9168660416865));
#3350=CARTESIAN_POINT('',(28.0319007045044,17.51,33.9168660416865));
#3351=CARTESIAN_POINT('',(28.0319007045044,17.51,38.9496831495322));
#3352=CARTESIAN_POINT('',(28.5319007045044,17.51,33.4168660416865));
#3353=CARTESIAN_POINT('Origin',(28.5319007045044,17.51,33.9168660416865));
#3354=CARTESIAN_POINT('',(41.5319007045044,17.51,33.4168660416865));
#3355=CARTESIAN_POINT('',(31.7559496148682,17.51,33.4168660416865));
#3356=CARTESIAN_POINT('',(42.0319007045044,17.51,33.9168660416865));
#3357=CARTESIAN_POINT('Origin',(41.5319007045044,17.51,33.9168660416865));
#3358=CARTESIAN_POINT('',(42.0319007045044,17.51,46.9168660416865));
#3359=CARTESIAN_POINT('',(42.0319007045044,17.51,32.4496831495322));
#3360=CARTESIAN_POINT('',(41.5319007045044,17.51,47.4168660416865));
#3361=CARTESIAN_POINT('Origin',(41.5319007045044,17.51,46.9168660416865));
#3362=CARTESIAN_POINT('',(28.5319007045044,17.51,47.4168660416865));
#3363=CARTESIAN_POINT('',(38.2559496148682,17.51,47.4168660416865));
#3364=CARTESIAN_POINT('Origin',(28.5319007045044,17.51,46.9168660416865));
#3365=CARTESIAN_POINT('',(8.98190070450436,17.51,46.9168660416865));
#3366=CARTESIAN_POINT('',(8.98190070450436,17.51,33.9168660416865));
#3367=CARTESIAN_POINT('',(8.98190070450436,17.51,38.9496831495322));
#3368=CARTESIAN_POINT('',(9.48190070450437,17.51,33.4168660416865));
#3369=CARTESIAN_POINT('Origin',(9.48190070450437,17.51,33.9168660416865));
#3370=CARTESIAN_POINT('',(22.4819007045044,17.51,33.4168660416865));
#3371=CARTESIAN_POINT('',(22.2309496148682,17.51,33.4168660416865));
#3372=CARTESIAN_POINT('',(22.9819007045044,17.51,33.9168660416865));
#3373=CARTESIAN_POINT('Origin',(22.4819007045044,17.51,33.9168660416865));
#3374=CARTESIAN_POINT('',(22.9819007045044,17.51,46.9168660416865));
#3375=CARTESIAN_POINT('',(22.9819007045044,17.51,32.4496831495322));
#3376=CARTESIAN_POINT('',(22.4819007045044,17.51,47.4168660416865));
#3377=CARTESIAN_POINT('Origin',(22.4819007045044,17.51,46.9168660416865));
#3378=CARTESIAN_POINT('',(9.48190070450437,17.51,47.4168660416865));
#3379=CARTESIAN_POINT('',(28.7309496148682,17.51,47.4168660416865));
#3380=CARTESIAN_POINT('Origin',(9.48190070450437,17.51,46.9168660416865));
#3381=CARTESIAN_POINT('',(8.98190070450436,17.51,65.9668660416865));
#3382=CARTESIAN_POINT('',(8.98190070450436,17.51,52.9668660416865));
#3383=CARTESIAN_POINT('',(8.98190070450436,17.51,48.4746831495322));
#3384=CARTESIAN_POINT('',(9.48190070450437,17.51,52.4668660416865));
#3385=CARTESIAN_POINT('Origin',(9.48190070450437,17.51,52.9668660416865));
#3386=CARTESIAN_POINT('',(22.4819007045044,17.51,52.4668660416865));
#3387=CARTESIAN_POINT('',(22.2309496148682,17.51,52.4668660416865));
#3388=CARTESIAN_POINT('',(22.9819007045044,17.51,52.9668660416865));
#3389=CARTESIAN_POINT('Origin',(22.4819007045044,17.51,52.9668660416865));
#3390=CARTESIAN_POINT('',(22.9819007045044,17.51,65.9668660416865));
#3391=CARTESIAN_POINT('',(22.9819007045044,17.51,41.9746831495322));
#3392=CARTESIAN_POINT('',(22.4819007045044,17.51,66.4668660416865));
#3393=CARTESIAN_POINT('Origin',(22.4819007045044,17.51,65.9668660416865));
#3394=CARTESIAN_POINT('',(9.48190070450437,17.51,66.4668660416865));
#3395=CARTESIAN_POINT('',(28.7309496148682,17.51,66.4668660416865));
#3396=CARTESIAN_POINT('Origin',(9.48190070450437,17.51,65.9668660416865));
#3397=CARTESIAN_POINT('',(47.5819007045044,17.51,52.4668660416865));
#3398=CARTESIAN_POINT('',(60.5819007045044,17.51,52.4668660416865));
#3399=CARTESIAN_POINT('',(41.2809496148682,17.51,52.4668660416865));
#3400=CARTESIAN_POINT('',(61.0819007045044,17.51,52.9668660416865));
#3401=CARTESIAN_POINT('Origin',(60.5819007045044,17.51,52.9668660416865));
#3402=CARTESIAN_POINT('',(61.0819007045044,17.51,65.9668660416865));
#3403=CARTESIAN_POINT('',(61.0819007045044,17.51,41.9746831495322));
#3404=CARTESIAN_POINT('',(60.5819007045044,17.51,66.4668660416865));
#3405=CARTESIAN_POINT('Origin',(60.5819007045044,17.51,65.9668660416865));
#3406=CARTESIAN_POINT('',(47.5819007045044,17.51,66.4668660416865));
#3407=CARTESIAN_POINT('',(47.7809496148682,17.51,66.4668660416865));
#3408=CARTESIAN_POINT('',(47.0819007045044,17.51,65.9668660416865));
#3409=CARTESIAN_POINT('Origin',(47.5819007045044,17.51,65.9668660416865));
#3410=CARTESIAN_POINT('',(47.0819007045044,17.51,52.9668660416865));
#3411=CARTESIAN_POINT('',(47.0819007045044,17.51,48.4746831495322));
#3412=CARTESIAN_POINT('Origin',(47.5819007045044,17.51,52.9668660416865));
#3413=CARTESIAN_POINT('Origin',(5.68453613688797,16.01,74.4255705798498));
#3414=CARTESIAN_POINT('',(5.68453613688797,19.01,69.4255705798498));
#3415=CARTESIAN_POINT('',(5.68453613688797,19.01,52.6855705798498));
#3416=CARTESIAN_POINT('',(5.68453613688797,16.01,69.4255705798498));
#3417=CARTESIAN_POINT('Origin',(64.209536136888,16.01,-12.5344294201502));
#3418=CARTESIAN_POINT('',(64.209536136888,19.01,69.4255705798498));
#3419=CARTESIAN_POINT('',(64.209536136888,16.01,69.4255705798498));
#3420=CARTESIAN_POINT('',(64.209536136888,19.01,10.8380213567125));
#3421=CARTESIAN_POINT('',(64.209536136888,19.01,9.20557057984983));
#3422=CARTESIAN_POINT('',(64.209536136888,16.76,10.8380213567125));
#3423=CARTESIAN_POINT('Origin',(26.592556132642,17.51,10.8380213567125));
#3424=CARTESIAN_POINT('',(30.819796134765,19.01,10.8380213567125));
#3425=CARTESIAN_POINT('Origin',(68.959536136888,16.01,69.4255705798498));
#3426=CARTESIAN_POINT('',(20.090786136888,19.01,69.4255705798498));
#3427=CARTESIAN_POINT('Origin',(26.4051168256095,16.01,-8.17807735401436));
#3428=CARTESIAN_POINT('',(26.4051168256095,18.51,-5.17807735401436));
#3429=CARTESIAN_POINT('',(26.4051168256095,16.01,-5.17807735401436));
#3430=CARTESIAN_POINT('',(26.4051168256095,16.01,-5.17807735401436));
#3431=CARTESIAN_POINT('',(26.4051168256095,18.51,10.1762873127996));
#3432=CARTESIAN_POINT('',(26.4051168256095,18.51,9.17628731279958));
#3433=CARTESIAN_POINT('',(26.4051168256095,16.01,10.1762873127996));
#3434=CARTESIAN_POINT('',(26.4051168256095,16.01,10.1762873127996));
#3435=CARTESIAN_POINT('',(26.4051168256095,16.01,11.3837466129177));
#3436=CARTESIAN_POINT('Origin',(27.4051168256095,16.01,10.1762873127996));
#3437=CARTESIAN_POINT('',(66.8730680368853,16.01,10.1762873127996));
#3438=CARTESIAN_POINT('',(66.8730680368853,18.51,10.1762873127996));
#3439=CARTESIAN_POINT('',(66.8730680368853,16.01,10.1762873127996));
#3440=CARTESIAN_POINT('',(31.2260764812487,16.01,10.1762873127996));
#3441=CARTESIAN_POINT('',(27.4051168256095,18.51,10.1762873127996));
#3442=CARTESIAN_POINT('Origin',(67.8730680368853,16.01,-5.17807735401436));
#3443=CARTESIAN_POINT('',(66.8730680368853,18.51,-5.17807735401436));
#3444=CARTESIAN_POINT('',(66.8730680368853,16.01,-5.17807735401436));
#3445=CARTESIAN_POINT('',(66.8730680368853,16.01,-5.17807735401436));
#3446=CARTESIAN_POINT('',(57.7560802340664,18.51,-5.17807735401436));
#3447=CARTESIAN_POINT('',(31.2260764812487,16.01,-5.17807735401436));
#3448=CARTESIAN_POINT('Origin',(47.6390924312474,18.51,0.499104979392611));
#3449=CARTESIAN_POINT('',(66.8730680368853,18.51,4.8376961460961));
#3450=CARTESIAN_POINT('',(32.0087979919414,18.51,-3.4309974664088));
#3451=CARTESIAN_POINT('',(32.0087979919414,18.51,8.21484310877671));
#3452=CARTESIAN_POINT('',(32.0087979919414,18.51,4.35697404408466));
#3453=CARTESIAN_POINT('',(58.1075110393113,18.51,8.21484310877671));
#3454=CARTESIAN_POINT('',(52.8733017352794,18.51,8.21484310877671));
#3455=CARTESIAN_POINT('',(58.1075110393113,18.51,-3.4309974664088));
#3456=CARTESIAN_POINT('',(58.1075110393114,18.51,-1.4659462435081));
#3457=CARTESIAN_POINT('',(39.8239452115944,18.51,-3.4309974664088));
#3458=CARTESIAN_POINT('Origin',(66.8730680368853,16.01,9.17628731279958));
#3459=CARTESIAN_POINT('',(66.8730680368853,16.01,20.0609289463247));
#3460=CARTESIAN_POINT('Origin',(58.1075110393113,19.01,-3.4309974664088));
#3461=CARTESIAN_POINT('',(58.1075110393113,19.01,8.21484310877671));
#3462=CARTESIAN_POINT('',(58.1075110393113,19.01,8.21484310877671));
#3463=CARTESIAN_POINT('',(58.1075110393113,19.01,-3.4309974664088));
#3464=CARTESIAN_POINT('',(58.1075110393113,19.01,13.7572865567205));
#3465=CARTESIAN_POINT('',(58.1075110393113,19.01,-3.4309974664088));
#3466=CARTESIAN_POINT('Origin',(32.0087979919414,19.01,-3.4309974664088));
#3467=CARTESIAN_POINT('',(32.0087979919414,19.01,-3.4309974664088));
#3468=CARTESIAN_POINT('',(33.5279170644147,19.01,-3.4309974664088));
#3469=CARTESIAN_POINT('',(32.0087979919414,19.01,-3.4309974664088));
#3470=CARTESIAN_POINT('Origin',(32.0087979919414,19.01,8.21484310877671));
#3471=CARTESIAN_POINT('',(32.0087979919414,19.01,8.21484310877671));
#3472=CARTESIAN_POINT('',(32.0087979919414,19.01,19.5802068443133));
#3473=CARTESIAN_POINT('',(32.0087979919414,19.01,8.21484310877671));
#3474=CARTESIAN_POINT('Origin',(58.1075110393113,19.01,8.21484310877671));
#3475=CARTESIAN_POINT('',(46.5772735880997,19.01,8.21484310877671));
#3476=CARTESIAN_POINT('Origin',(35.047036136888,19.01,30.9455705798498));
#3477=CARTESIAN_POINT('',(-0.75468449269748,19.01,-15.7500002682209));
#3478=CARTESIAN_POINT('',(71.3344401098243,19.01,-15.7500002682209));
#3479=CARTESIAN_POINT('',(35.1894569727257,19.01,-15.7500002682209));
#3480=CARTESIAN_POINT('',(-1.75468449269748,19.01,-14.7500002682209));
#3481=CARTESIAN_POINT('Origin',(-0.754684492697479,19.01,-14.7500002682209));
#3482=CARTESIAN_POINT('',(-1.75468449269748,19.01,76.2501072401647));
#3483=CARTESIAN_POINT('',(-1.75468449269748,19.01,29.8215797449285));
#3484=CARTESIAN_POINT('',(-0.754684492697479,19.01,77.2501072401647));
#3485=CARTESIAN_POINT('Origin',(-0.754684492697479,19.01,76.2501072401647));
#3486=CARTESIAN_POINT('',(71.3344401098243,19.01,77.2501072401647));
#3487=CARTESIAN_POINT('',(34.3367621301221,19.01,77.2501072401647));
#3488=CARTESIAN_POINT('',(72.3344401098243,19.01,76.2501072401647));
#3489=CARTESIAN_POINT('Origin',(71.3344401098243,19.01,76.2501072401647));
#3490=CARTESIAN_POINT('',(72.3344401098243,19.01,-14.7500002682209));
#3491=CARTESIAN_POINT('',(72.3344401098243,19.01,30.9455705798498));
#3492=CARTESIAN_POINT('Origin',(71.3344401098243,19.01,-14.7500002682209));
#3493=CARTESIAN_POINT('',(71.2000010281801,19.01,-13.0000002011657));
#3494=CARTESIAN_POINT('Origin',(69.5000010281801,19.01,-13.0000002011657));
#3495=CARTESIAN_POINT('',(71.2000010207295,19.01,74.4999998137355));
#3496=CARTESIAN_POINT('Origin',(69.5000010207295,19.01,74.4999998137355));
#3497=CARTESIAN_POINT('',(2.70000002235174,19.01,74.4999998137355));
#3498=CARTESIAN_POINT('Origin',(1.00000002235174,19.01,74.4999998137355));
#3499=CARTESIAN_POINT('',(2.70000001490116,19.01,-13.0000002011657));
#3500=CARTESIAN_POINT('Origin',(1.00000001490116,19.01,-13.0000002011657));
#3501=CARTESIAN_POINT('Origin',(69.5000010207295,19.01,74.4999998137355));
#3502=CARTESIAN_POINT('',(71.2000010207295,16.01,74.4999998137355));
#3503=CARTESIAN_POINT('',(71.2000010207295,19.01,74.4999998137355));
#3504=CARTESIAN_POINT('Origin',(69.5000010207295,16.01,74.4999998137355));
#3505=CARTESIAN_POINT('Origin',(1.00000002235174,19.01,74.4999998137355));
#3506=CARTESIAN_POINT('',(2.70000002235174,16.01,74.4999998137355));
#3507=CARTESIAN_POINT('',(2.70000002235174,19.01,74.4999998137355));
#3508=CARTESIAN_POINT('Origin',(1.00000002235174,16.01,74.4999998137355));
#3509=CARTESIAN_POINT('Origin',(69.5000010281801,19.01,-13.0000002011657));
#3510=CARTESIAN_POINT('',(71.2000010281801,16.01,-13.0000002011657));
#3511=CARTESIAN_POINT('',(71.2000010281801,19.01,-13.0000002011657));
#3512=CARTESIAN_POINT('Origin',(69.5000010281801,16.01,-13.0000002011657));
#3513=CARTESIAN_POINT('Origin',(1.00000001490116,19.01,-13.0000002011657));
#3514=CARTESIAN_POINT('',(2.70000001490116,16.01,-13.0000002011657));
#3515=CARTESIAN_POINT('',(2.70000001490116,19.01,-13.0000002011657));
#3516=CARTESIAN_POINT('Origin',(1.00000001490116,16.01,-13.0000002011657));
#3517=CARTESIAN_POINT('Ctrl Pts',(-0.754684492697479,19.01,77.2501072401647));
#3518=CARTESIAN_POINT('Ctrl Pts',(-1.75468449269748,19.01,77.2501072401647));
#3519=CARTESIAN_POINT('Ctrl Pts',(-1.75468449269748,19.01,76.2501072401647));
#3520=CARTESIAN_POINT('Ctrl Pts',(-0.754684492697479,19.01,78.2501072401647));
#3521=CARTESIAN_POINT('Ctrl Pts',(-2.75468449269747,19.01,78.2501072401647));
#3522=CARTESIAN_POINT('Ctrl Pts',(-2.75468449269747,19.01,76.2501072401647));
#3523=CARTESIAN_POINT('Ctrl Pts',(-0.754684492697479,18.01,78.2501072401647));
#3524=CARTESIAN_POINT('Ctrl Pts',(-2.75468449269747,18.01,78.2501072401647));
#3525=CARTESIAN_POINT('Ctrl Pts',(-2.75468449269747,18.01,76.2501072401647));
#3526=CARTESIAN_POINT('',(-0.754684492697479,18.01,78.2501072401647));
#3527=CARTESIAN_POINT('Origin',(-0.754684492697479,18.01,77.2501072401647));
#3528=CARTESIAN_POINT('',(-2.75468449269748,18.01,76.2501072401647));
#3529=CARTESIAN_POINT('Origin',(-1.75468449269748,18.01,76.2501072401647));
#3530=CARTESIAN_POINT('Origin',(-0.754684492697479,18.01,76.2501072401647));
#3531=CARTESIAN_POINT('Origin',(-1.75468449269748,18.01,29.8215797449285));
#3532=CARTESIAN_POINT('',(-2.75468449269748,18.01,-14.7500002682209));
#3533=CARTESIAN_POINT('Origin',(-1.75468449269748,18.01,-14.7500002682209));
#3534=CARTESIAN_POINT('',(-2.75468449269748,18.01,29.8215797449285));
#3535=CARTESIAN_POINT('Ctrl Pts',(-1.75468449269748,19.01,-14.7500002682209));
#3536=CARTESIAN_POINT('Ctrl Pts',(-1.75468449269748,19.01,-15.7500002682209));
#3537=CARTESIAN_POINT('Ctrl Pts',(-0.754684492697479,19.01,-15.7500002682209));
#3538=CARTESIAN_POINT('Ctrl Pts',(-2.75468449269748,19.01,-14.7500002682209));
#3539=CARTESIAN_POINT('Ctrl Pts',(-2.75468449269748,19.01,-16.7500002682209));
#3540=CARTESIAN_POINT('Ctrl Pts',(-0.754684492697479,19.01,-16.7500002682209));
#3541=CARTESIAN_POINT('Ctrl Pts',(-2.75468449269748,18.01,-14.7500002682209));
#3542=CARTESIAN_POINT('Ctrl Pts',(-2.75468449269748,18.01,-16.7500002682209));
#3543=CARTESIAN_POINT('Ctrl Pts',(-0.754684492697479,18.01,-16.7500002682209));
#3544=CARTESIAN_POINT('',(-0.754684492697479,18.01,-16.7500002682209));
#3545=CARTESIAN_POINT('Origin',(-0.75468449269748,18.01,-15.7500002682209));
#3546=CARTESIAN_POINT('Origin',(-0.754684492697479,18.01,-14.7500002682209));
#3547=CARTESIAN_POINT('Origin',(35.1894569727257,18.01,-15.7500002682209));
#3548=CARTESIAN_POINT('',(71.3344401098243,18.01,-16.7500002682209));
#3549=CARTESIAN_POINT('Origin',(71.3344401098243,18.01,-15.7500002682209));
#3550=CARTESIAN_POINT('',(35.1894569727257,18.01,-16.7500002682209));
#3551=CARTESIAN_POINT('Ctrl Pts',(71.3344401098243,19.01,-15.7500002682209));
#3552=CARTESIAN_POINT('Ctrl Pts',(72.3344401098243,19.01,-15.7500002682209));
#3553=CARTESIAN_POINT('Ctrl Pts',(72.3344401098243,19.01,-14.7500002682209));
#3554=CARTESIAN_POINT('Ctrl Pts',(71.3344401098243,19.01,-16.7500002682209));
#3555=CARTESIAN_POINT('Ctrl Pts',(73.3344401098243,19.01,-16.7500002682209));
#3556=CARTESIAN_POINT('Ctrl Pts',(73.3344401098243,19.01,-14.7500002682209));
#3557=CARTESIAN_POINT('Ctrl Pts',(71.3344401098243,18.01,-16.7500002682209));
#3558=CARTESIAN_POINT('Ctrl Pts',(73.3344401098243,18.01,-16.7500002682209));
#3559=CARTESIAN_POINT('Ctrl Pts',(73.3344401098243,18.01,-14.7500002682209));
#3560=CARTESIAN_POINT('',(73.3344401098243,18.01,-14.7500002682209));
#3561=CARTESIAN_POINT('Origin',(72.3344401098243,18.01,-14.7500002682209));
#3562=CARTESIAN_POINT('Origin',(71.3344401098243,18.01,-14.7500002682209));
#3563=CARTESIAN_POINT('Origin',(72.3344401098243,18.01,30.9455705798498));
#3564=CARTESIAN_POINT('',(73.3344401098243,18.01,76.2501072401647));
#3565=CARTESIAN_POINT('Origin',(72.3344401098243,18.01,76.2501072401647));
#3566=CARTESIAN_POINT('',(73.3344401098243,18.01,30.9455705798498));
#3567=CARTESIAN_POINT('Ctrl Pts',(72.3344401098243,19.01,76.2501072401647));
#3568=CARTESIAN_POINT('Ctrl Pts',(72.3344401098243,19.01,77.2501072401647));
#3569=CARTESIAN_POINT('Ctrl Pts',(71.3344401098243,19.01,77.2501072401647));
#3570=CARTESIAN_POINT('Ctrl Pts',(73.3344401098243,19.01,76.2501072401647));
#3571=CARTESIAN_POINT('Ctrl Pts',(73.3344401098243,19.01,78.2501072401647));
#3572=CARTESIAN_POINT('Ctrl Pts',(71.3344401098243,19.01,78.2501072401647));
#3573=CARTESIAN_POINT('Ctrl Pts',(73.3344401098243,18.01,76.2501072401647));
#3574=CARTESIAN_POINT('Ctrl Pts',(73.3344401098243,18.01,78.2501072401647));
#3575=CARTESIAN_POINT('Ctrl Pts',(71.3344401098243,18.01,78.2501072401647));
#3576=CARTESIAN_POINT('',(71.3344401098243,18.01,78.2501072401647));
#3577=CARTESIAN_POINT('Origin',(71.3344401098243,18.01,77.2501072401647));
#3578=CARTESIAN_POINT('Origin',(71.3344401098243,18.01,76.2501072401647));
#3579=CARTESIAN_POINT('Origin',(34.3367621301221,18.01,77.2501072401647));
#3580=CARTESIAN_POINT('',(34.3367621301221,18.01,78.2501072401647));
#3581=CARTESIAN_POINT('Origin',(73.3344401098243,17.51,30.9455705798498));
#3582=CARTESIAN_POINT('',(73.3344401098243,16.01,76.2501072401647));
#3583=CARTESIAN_POINT('',(73.3344401098243,17.51,76.2501072401647));
#3584=CARTESIAN_POINT('',(73.3344401098243,16.01,-14.7500002682209));
#3585=CARTESIAN_POINT('',(73.3344401098243,16.01,30.9455705798498));
#3586=CARTESIAN_POINT('',(73.3344401098243,17.51,-14.7500002682209));
#3587=CARTESIAN_POINT('Origin',(71.3344401098243,17.51,76.2501072401647));
#3588=CARTESIAN_POINT('',(71.3344401098243,16.01,78.2501072401647));
#3589=CARTESIAN_POINT('',(71.3344401098243,17.51,78.2501072401647));
#3590=CARTESIAN_POINT('Origin',(71.3344401098243,16.01,76.2501072401647));
#3591=CARTESIAN_POINT('Origin',(33.6264881233561,17.51,78.2501072401647));
#3592=CARTESIAN_POINT('',(-0.754684492697479,16.01,78.2501072401647));
#3593=CARTESIAN_POINT('',(-0.754684492697479,17.51,78.2501072401647));
#3594=CARTESIAN_POINT('',(34.3367621301221,16.01,78.2501072401647));
#3595=CARTESIAN_POINT('Origin',(-0.754684492697479,17.51,76.2501072401647));
#3596=CARTESIAN_POINT('',(-2.75468449269748,16.01,76.2501072401647));
#3597=CARTESIAN_POINT('',(-2.75468449269748,17.51,76.2501072401647));
#3598=CARTESIAN_POINT('Origin',(-0.754684492697479,16.01,76.2501072401647));
#3599=CARTESIAN_POINT('Origin',(71.3344401098243,17.51,-14.7500002682209));
#3600=CARTESIAN_POINT('',(71.3344401098243,16.01,-16.7500002682209));
#3601=CARTESIAN_POINT('Origin',(71.3344401098243,16.01,-14.7500002682209));
#3602=CARTESIAN_POINT('',(71.3344401098243,17.51,-16.7500002682209));
#3603=CARTESIAN_POINT('Origin',(35.3318778085634,17.51,-16.7500002682209));
#3604=CARTESIAN_POINT('',(-0.754684492697479,16.01,-16.7500002682209));
#3605=CARTESIAN_POINT('',(35.1894569727257,16.01,-16.7500002682209));
#3606=CARTESIAN_POINT('',(-0.754684492697479,17.51,-16.7500002682209));
#3607=CARTESIAN_POINT('Origin',(-0.754684492697479,17.51,-14.7500002682209));
#3608=CARTESIAN_POINT('',(-2.75468449269748,16.01,-14.7500002682209));
#3609=CARTESIAN_POINT('Origin',(-0.754684492697479,16.01,-14.7500002682209));
#3610=CARTESIAN_POINT('',(-2.75468449269748,17.51,-14.7500002682209));
#3611=CARTESIAN_POINT('Origin',(-2.75468449269748,17.51,28.6975889100072));
#3612=CARTESIAN_POINT('',(-2.75468449269748,16.01,29.8215797449285));
#3613=CARTESIAN_POINT('Origin',(35.047036136888,16.01,30.9455705798498));
#3614=CARTESIAN_POINT('',(28.0319007045044,16.01,65.9668660416865));
#3615=CARTESIAN_POINT('',(28.5319007045044,16.01,66.4668660416865));
#3616=CARTESIAN_POINT('Origin',(28.5319007045044,16.01,65.9668660416865));
#3617=CARTESIAN_POINT('',(41.5319007045044,16.01,66.4668660416865));
#3618=CARTESIAN_POINT('',(38.2894684206962,16.01,66.4668660416865));
#3619=CARTESIAN_POINT('',(42.0319007045044,16.01,65.9668660416865));
#3620=CARTESIAN_POINT('Origin',(41.5319007045044,16.01,65.9668660416865));
#3621=CARTESIAN_POINT('',(42.0319007045044,16.01,52.9668660416865));
#3622=CARTESIAN_POINT('',(42.0319007045044,16.01,41.9562183107682));
#3623=CARTESIAN_POINT('',(41.5319007045044,16.01,52.4668660416865));
#3624=CARTESIAN_POINT('Origin',(41.5319007045044,16.01,52.9668660416865));
#3625=CARTESIAN_POINT('',(28.5319007045044,16.01,52.4668660416865));
#3626=CARTESIAN_POINT('',(31.7894684206962,16.01,52.4668660416865));
#3627=CARTESIAN_POINT('',(28.0319007045044,16.01,52.9668660416865));
#3628=CARTESIAN_POINT('Origin',(28.5319007045044,16.01,52.9668660416865));
#3629=CARTESIAN_POINT('',(28.0319007045044,16.01,48.4562183107682));
#3630=CARTESIAN_POINT('',(8.98190070450436,16.01,33.9168660416865));
#3631=CARTESIAN_POINT('',(8.98190070450436,16.01,46.9168660416865));
#3632=CARTESIAN_POINT('',(8.98190070450436,16.01,38.9312183107682));
#3633=CARTESIAN_POINT('',(9.48190070450437,16.01,47.4168660416865));
#3634=CARTESIAN_POINT('Origin',(9.48190070450437,16.01,46.9168660416865));
#3635=CARTESIAN_POINT('',(22.4819007045044,16.01,47.4168660416865));
#3636=CARTESIAN_POINT('',(28.7644684206962,16.01,47.4168660416865));
#3637=CARTESIAN_POINT('',(22.9819007045044,16.01,46.9168660416865));
#3638=CARTESIAN_POINT('Origin',(22.4819007045044,16.01,46.9168660416865));
#3639=CARTESIAN_POINT('',(22.9819007045044,16.01,33.9168660416865));
#3640=CARTESIAN_POINT('',(22.9819007045044,16.01,32.4312183107682));
#3641=CARTESIAN_POINT('',(22.4819007045044,16.01,33.4168660416865));
#3642=CARTESIAN_POINT('Origin',(22.4819007045044,16.01,33.9168660416865));
#3643=CARTESIAN_POINT('',(9.48190070450437,16.01,33.4168660416865));
#3644=CARTESIAN_POINT('',(22.2644684206962,16.01,33.4168660416865));
#3645=CARTESIAN_POINT('Origin',(9.48190070450437,16.01,33.9168660416865));
#3646=CARTESIAN_POINT('',(47.0819007045044,16.01,33.9168660416865));
#3647=CARTESIAN_POINT('',(47.0819007045044,16.01,46.9168660416865));
#3648=CARTESIAN_POINT('',(47.0819007045044,16.01,38.9312183107682));
#3649=CARTESIAN_POINT('',(47.5819007045044,16.01,47.4168660416865));
#3650=CARTESIAN_POINT('Origin',(47.5819007045044,16.01,46.9168660416865));
#3651=CARTESIAN_POINT('',(60.5819007045044,16.01,47.4168660416865));
#3652=CARTESIAN_POINT('',(47.8144684206962,16.01,47.4168660416865));
#3653=CARTESIAN_POINT('',(61.0819007045044,16.01,46.9168660416865));
#3654=CARTESIAN_POINT('Origin',(60.5819007045044,16.01,46.9168660416865));
#3655=CARTESIAN_POINT('',(61.0819007045044,16.01,33.9168660416865));
#3656=CARTESIAN_POINT('',(61.0819007045044,16.01,32.4312183107682));
#3657=CARTESIAN_POINT('',(60.5819007045044,16.01,33.4168660416865));
#3658=CARTESIAN_POINT('Origin',(60.5819007045044,16.01,33.9168660416865));
#3659=CARTESIAN_POINT('',(47.5819007045044,16.01,33.4168660416865));
#3660=CARTESIAN_POINT('',(41.3144684206962,16.01,33.4168660416865));
#3661=CARTESIAN_POINT('Origin',(47.5819007045044,16.01,33.9168660416865));
#3662=CARTESIAN_POINT('',(8.98190070450436,16.01,-4.18313395831352));
#3663=CARTESIAN_POINT('',(8.98190070450436,16.01,8.81686604168648));
#3664=CARTESIAN_POINT('',(8.98190070450436,16.01,19.8812183107682));
#3665=CARTESIAN_POINT('',(9.48190070450437,16.01,9.31686604168648));
#3666=CARTESIAN_POINT('Origin',(9.48190070450437,16.01,8.81686604168648));
#3667=CARTESIAN_POINT('',(22.4819007045044,16.01,9.31686604168648));
#3668=CARTESIAN_POINT('',(28.7644684206962,16.01,9.31686604168649));
#3669=CARTESIAN_POINT('',(22.9819007045044,16.01,8.81686604168648));
#3670=CARTESIAN_POINT('Origin',(22.4819007045044,16.01,8.81686604168648));
#3671=CARTESIAN_POINT('',(22.9819007045044,16.01,-4.18313395831352));
#3672=CARTESIAN_POINT('',(22.9819007045044,16.01,13.3812183107682));
#3673=CARTESIAN_POINT('',(22.4819007045044,16.01,-4.68313395831352));
#3674=CARTESIAN_POINT('Origin',(22.4819007045044,16.01,-4.18313395831352));
#3675=CARTESIAN_POINT('',(9.48190070450437,16.01,-4.68313395831352));
#3676=CARTESIAN_POINT('',(22.2644684206962,16.01,-4.68313395831351));
#3677=CARTESIAN_POINT('Origin',(9.48190070450437,16.01,-4.18313395831352));
#3678=CARTESIAN_POINT('',(8.98190070450436,16.01,14.8668660416865));
#3679=CARTESIAN_POINT('',(8.98190070450436,16.01,27.8668660416865));
#3680=CARTESIAN_POINT('',(8.98190070450436,16.01,29.4062183107682));
#3681=CARTESIAN_POINT('',(9.48190070450437,16.01,28.3668660416865));
#3682=CARTESIAN_POINT('Origin',(9.48190070450437,16.01,27.8668660416865));
#3683=CARTESIAN_POINT('',(22.4819007045044,16.01,28.3668660416865));
#3684=CARTESIAN_POINT('',(28.7644684206962,16.01,28.3668660416865));
#3685=CARTESIAN_POINT('',(22.9819007045044,16.01,27.8668660416865));
#3686=CARTESIAN_POINT('Origin',(22.4819007045044,16.01,27.8668660416865));
#3687=CARTESIAN_POINT('',(22.9819007045044,16.01,14.8668660416865));
#3688=CARTESIAN_POINT('',(22.9819007045044,16.01,22.9062183107682));
#3689=CARTESIAN_POINT('',(22.4819007045044,16.01,14.3668660416865));
#3690=CARTESIAN_POINT('Origin',(22.4819007045044,16.01,14.8668660416865));
#3691=CARTESIAN_POINT('',(9.48190070450437,16.01,14.3668660416865));
#3692=CARTESIAN_POINT('',(22.2644684206962,16.01,14.3668660416865));
#3693=CARTESIAN_POINT('Origin',(9.48190070450437,16.01,14.8668660416865));
#3694=CARTESIAN_POINT('',(28.0319007045044,16.01,27.8668660416865));
#3695=CARTESIAN_POINT('',(28.5319007045044,16.01,28.3668660416865));
#3696=CARTESIAN_POINT('Origin',(28.5319007045044,16.01,27.8668660416865));
#3697=CARTESIAN_POINT('',(41.5319007045044,16.01,28.3668660416865));
#3698=CARTESIAN_POINT('',(38.2894684206962,16.01,28.3668660416865));
#3699=CARTESIAN_POINT('',(42.0319007045044,16.01,27.8668660416865));
#3700=CARTESIAN_POINT('Origin',(41.5319007045044,16.01,27.8668660416865));
#3701=CARTESIAN_POINT('',(42.0319007045044,16.01,14.8668660416865));
#3702=CARTESIAN_POINT('',(42.0319007045044,16.01,22.9062183107682));
#3703=CARTESIAN_POINT('',(41.5319007045044,16.01,14.3668660416865));
#3704=CARTESIAN_POINT('Origin',(41.5319007045044,16.01,14.8668660416865));
#3705=CARTESIAN_POINT('',(28.5319007045044,16.01,14.3668660416865));
#3706=CARTESIAN_POINT('',(31.7894684206962,16.01,14.3668660416865));
#3707=CARTESIAN_POINT('',(28.0319007045044,16.01,14.8668660416865));
#3708=CARTESIAN_POINT('Origin',(28.5319007045044,16.01,14.8668660416865));
#3709=CARTESIAN_POINT('',(28.0319007045044,16.01,29.4062183107682));
#3710=CARTESIAN_POINT('',(60.5819007045044,16.01,14.3668660416865));
#3711=CARTESIAN_POINT('',(47.5819007045044,16.01,14.3668660416865));
#3712=CARTESIAN_POINT('',(41.3144684206962,16.01,14.3668660416865));
#3713=CARTESIAN_POINT('',(47.0819007045044,16.01,14.8668660416865));
#3714=CARTESIAN_POINT('Origin',(47.5819007045044,16.01,14.8668660416865));
#3715=CARTESIAN_POINT('',(47.0819007045044,16.01,27.8668660416865));
#3716=CARTESIAN_POINT('',(47.0819007045044,16.01,29.4062183107682));
#3717=CARTESIAN_POINT('',(47.5819007045044,16.01,28.3668660416865));
#3718=CARTESIAN_POINT('Origin',(47.5819007045044,16.01,27.8668660416865));
#3719=CARTESIAN_POINT('',(60.5819007045044,16.01,28.3668660416865));
#3720=CARTESIAN_POINT('',(47.8144684206962,16.01,28.3668660416865));
#3721=CARTESIAN_POINT('',(61.0819007045044,16.01,27.8668660416865));
#3722=CARTESIAN_POINT('Origin',(60.5819007045044,16.01,27.8668660416865));
#3723=CARTESIAN_POINT('',(61.0819007045044,16.01,14.8668660416865));
#3724=CARTESIAN_POINT('',(61.0819007045044,16.01,22.9062183107682));
#3725=CARTESIAN_POINT('Origin',(60.5819007045044,16.01,14.8668660416865));
#3726=CARTESIAN_POINT('',(28.0319007045044,16.01,33.9168660416865));
#3727=CARTESIAN_POINT('',(28.0319007045044,16.01,46.9168660416865));
#3728=CARTESIAN_POINT('',(28.0319007045044,16.01,38.9312183107682));
#3729=CARTESIAN_POINT('',(28.5319007045044,16.01,47.4168660416865));
#3730=CARTESIAN_POINT('Origin',(28.5319007045044,16.01,46.9168660416865));
#3731=CARTESIAN_POINT('',(41.5319007045044,16.01,47.4168660416865));
#3732=CARTESIAN_POINT('',(38.2894684206962,16.01,47.4168660416865));
#3733=CARTESIAN_POINT('',(42.0319007045044,16.01,46.9168660416865));
#3734=CARTESIAN_POINT('Origin',(41.5319007045044,16.01,46.9168660416865));
#3735=CARTESIAN_POINT('',(42.0319007045044,16.01,33.9168660416865));
#3736=CARTESIAN_POINT('',(42.0319007045044,16.01,32.4312183107682));
#3737=CARTESIAN_POINT('',(41.5319007045044,16.01,33.4168660416865));
#3738=CARTESIAN_POINT('Origin',(41.5319007045044,16.01,33.9168660416865));
#3739=CARTESIAN_POINT('',(28.5319007045044,16.01,33.4168660416865));
#3740=CARTESIAN_POINT('',(31.7894684206962,16.01,33.4168660416865));
#3741=CARTESIAN_POINT('Origin',(28.5319007045044,16.01,33.9168660416865));
#3742=CARTESIAN_POINT('',(8.98190070450436,16.01,52.9668660416865));
#3743=CARTESIAN_POINT('',(8.98190070450436,16.01,65.9668660416865));
#3744=CARTESIAN_POINT('',(8.98190070450436,16.01,48.4562183107682));
#3745=CARTESIAN_POINT('',(9.48190070450437,16.01,66.4668660416865));
#3746=CARTESIAN_POINT('Origin',(9.48190070450437,16.01,65.9668660416865));
#3747=CARTESIAN_POINT('',(22.4819007045044,16.01,66.4668660416865));
#3748=CARTESIAN_POINT('',(28.7644684206962,16.01,66.4668660416865));
#3749=CARTESIAN_POINT('',(22.9819007045044,16.01,65.9668660416865));
#3750=CARTESIAN_POINT('Origin',(22.4819007045044,16.01,65.9668660416865));
#3751=CARTESIAN_POINT('',(22.9819007045044,16.01,52.9668660416865));
#3752=CARTESIAN_POINT('',(22.9819007045044,16.01,41.9562183107682));
#3753=CARTESIAN_POINT('',(22.4819007045044,16.01,52.4668660416865));
#3754=CARTESIAN_POINT('Origin',(22.4819007045044,16.01,52.9668660416865));
#3755=CARTESIAN_POINT('',(9.48190070450437,16.01,52.4668660416865));
#3756=CARTESIAN_POINT('',(22.2644684206962,16.01,52.4668660416865));
#3757=CARTESIAN_POINT('Origin',(9.48190070450437,16.01,52.9668660416865));
#3758=CARTESIAN_POINT('',(60.5819007045044,16.01,52.4668660416865));
#3759=CARTESIAN_POINT('',(47.5819007045044,16.01,52.4668660416865));
#3760=CARTESIAN_POINT('',(41.3144684206962,16.01,52.4668660416865));
#3761=CARTESIAN_POINT('',(47.0819007045044,16.01,52.9668660416865));
#3762=CARTESIAN_POINT('Origin',(47.5819007045044,16.01,52.9668660416865));
#3763=CARTESIAN_POINT('',(47.0819007045044,16.01,65.9668660416865));
#3764=CARTESIAN_POINT('',(47.0819007045044,16.01,48.4562183107682));
#3765=CARTESIAN_POINT('',(47.5819007045044,16.01,66.4668660416865));
#3766=CARTESIAN_POINT('Origin',(47.5819007045044,16.01,65.9668660416865));
#3767=CARTESIAN_POINT('',(60.5819007045044,16.01,66.4668660416865));
#3768=CARTESIAN_POINT('',(47.8144684206962,16.01,66.4668660416865));
#3769=CARTESIAN_POINT('',(61.0819007045044,16.01,65.9668660416865));
#3770=CARTESIAN_POINT('Origin',(60.5819007045044,16.01,65.9668660416865));
#3771=CARTESIAN_POINT('',(61.0819007045044,16.01,52.9668660416865));
#3772=CARTESIAN_POINT('',(61.0819007045044,16.01,41.9562183107682));
#3773=CARTESIAN_POINT('Origin',(60.5819007045044,16.01,52.9668660416865));
#3774=CARTESIAN_POINT('Origin',(60.5819007045044,18.1054386591817,66.4668660416865));
#3775=CARTESIAN_POINT('',(60.5819007045044,18.1054386591817,66.4668660416865));
#3776=CARTESIAN_POINT('',(47.5819007045044,18.1054386591817,66.4668660416865));
#3777=CARTESIAN_POINT('Origin',(47.5819007045044,18.1054386591817,65.9668660416865));
#3778=CARTESIAN_POINT('',(47.0819007045044,18.1054386591817,65.9668660416865));
#3779=CARTESIAN_POINT('Origin',(47.0819007045044,18.1054386591817,65.9668660416865));
#3780=CARTESIAN_POINT('',(47.0819007045044,18.1054386591817,52.9668660416865));
#3781=CARTESIAN_POINT('Origin',(47.5819007045044,18.1054386591817,52.9668660416865));
#3782=CARTESIAN_POINT('',(47.5819007045044,18.1054386591817,52.4668660416865));
#3783=CARTESIAN_POINT('Origin',(47.5819007045044,18.1054386591817,52.4668660416865));
#3784=CARTESIAN_POINT('',(60.5819007045044,18.1054386591817,52.4668660416865));
#3785=CARTESIAN_POINT('Origin',(60.5819007045044,18.1054386591817,65.9668660416865));
#3786=CARTESIAN_POINT('',(61.0819007045044,18.1054386591817,65.9668660416865));
#3787=CARTESIAN_POINT('Origin',(61.0819007045044,18.1054386591817,52.9668660416865));
#3788=CARTESIAN_POINT('',(61.0819007045044,18.1054386591817,52.9668660416865));
#3789=CARTESIAN_POINT('Origin',(60.5819007045044,18.1054386591817,52.9668660416865));
#3790=CARTESIAN_POINT('Origin',(41.5319007045044,18.1054386591817,52.9668660416865));
#3791=CARTESIAN_POINT('',(41.5319007045044,18.1054386591817,52.4668660416865));
#3792=CARTESIAN_POINT('',(42.0319007045044,18.1054386591817,52.9668660416865));
#3793=CARTESIAN_POINT('Origin',(42.0319007045044,18.1054386591817,52.9668660416865));
#3794=CARTESIAN_POINT('',(42.0319007045044,18.1054386591817,65.9668660416865));
#3795=CARTESIAN_POINT('Origin',(41.5319007045044,18.1054386591817,65.9668660416865));
#3796=CARTESIAN_POINT('',(41.5319007045044,18.1054386591817,66.4668660416865));
#3797=CARTESIAN_POINT('Origin',(41.5319007045044,18.1054386591817,66.4668660416865));
#3798=CARTESIAN_POINT('',(28.5319007045044,18.1054386591817,66.4668660416865));
#3799=CARTESIAN_POINT('Origin',(28.5319007045044,18.1054386591817,65.9668660416865));
#3800=CARTESIAN_POINT('',(28.0319007045044,18.1054386591817,65.9668660416865));
#3801=CARTESIAN_POINT('Origin',(28.5319007045044,18.1054386591817,52.4668660416865));
#3802=CARTESIAN_POINT('',(28.5319007045044,18.1054386591817,52.4668660416865));
#3803=CARTESIAN_POINT('Origin',(28.5319007045044,18.1054386591817,52.9668660416865));
#3804=CARTESIAN_POINT('',(28.0319007045044,18.1054386591817,52.9668660416865));
#3805=CARTESIAN_POINT('Origin',(28.0319007045044,18.1054386591817,65.9668660416865));
#3806=CARTESIAN_POINT('Origin',(22.9819007045044,18.1054386591817,52.9668660416865));
#3807=CARTESIAN_POINT('',(22.9819007045044,18.1054386591817,52.9668660416865));
#3808=CARTESIAN_POINT('',(22.9819007045044,18.1054386591817,65.9668660416865));
#3809=CARTESIAN_POINT('Origin',(22.4819007045044,18.1054386591817,65.9668660416865));
#3810=CARTESIAN_POINT('',(22.4819007045044,18.1054386591817,66.4668660416865));
#3811=CARTESIAN_POINT('Origin',(22.4819007045044,18.1054386591817,66.4668660416865));
#3812=CARTESIAN_POINT('',(9.48190070450437,18.1054386591817,66.4668660416865));
#3813=CARTESIAN_POINT('Origin',(9.48190070450437,18.1054386591817,65.9668660416865));
#3814=CARTESIAN_POINT('',(8.98190070450436,18.1054386591817,65.9668660416865));
#3815=CARTESIAN_POINT('Origin',(8.98190070450436,18.1054386591817,65.9668660416865));
#3816=CARTESIAN_POINT('',(8.98190070450436,18.1054386591817,52.9668660416865));
#3817=CARTESIAN_POINT('Origin',(22.4819007045044,18.1054386591817,52.9668660416865));
#3818=CARTESIAN_POINT('',(22.4819007045044,18.1054386591817,52.4668660416865));
#3819=CARTESIAN_POINT('Origin',(9.48190070450437,18.1054386591817,52.4668660416865));
#3820=CARTESIAN_POINT('',(9.48190070450437,18.1054386591817,52.4668660416865));
#3821=CARTESIAN_POINT('Origin',(9.48190070450437,18.1054386591817,52.9668660416865));
#3822=CARTESIAN_POINT('Origin',(22.9819007045044,18.1054386591817,33.9168660416865));
#3823=CARTESIAN_POINT('',(22.9819007045044,18.1054386591817,33.9168660416865));
#3824=CARTESIAN_POINT('',(22.9819007045044,18.1054386591817,46.9168660416865));
#3825=CARTESIAN_POINT('Origin',(22.4819007045044,18.1054386591817,46.9168660416865));
#3826=CARTESIAN_POINT('',(22.4819007045044,18.1054386591817,47.4168660416865));
#3827=CARTESIAN_POINT('Origin',(22.4819007045044,18.1054386591817,47.4168660416865));
#3828=CARTESIAN_POINT('',(9.48190070450437,18.1054386591817,47.4168660416865));
#3829=CARTESIAN_POINT('Origin',(9.48190070450437,18.1054386591817,46.9168660416865));
#3830=CARTESIAN_POINT('',(8.98190070450436,18.1054386591817,46.9168660416865));
#3831=CARTESIAN_POINT('Origin',(8.98190070450436,18.1054386591817,46.9168660416865));
#3832=CARTESIAN_POINT('',(8.98190070450436,18.1054386591817,33.9168660416865));
#3833=CARTESIAN_POINT('Origin',(22.4819007045044,18.1054386591817,33.9168660416865));
#3834=CARTESIAN_POINT('',(22.4819007045044,18.1054386591817,33.4168660416865));
#3835=CARTESIAN_POINT('Origin',(9.48190070450437,18.1054386591817,33.4168660416865));
#3836=CARTESIAN_POINT('',(9.48190070450437,18.1054386591817,33.4168660416865));
#3837=CARTESIAN_POINT('Origin',(9.48190070450437,18.1054386591817,33.9168660416865));
#3838=CARTESIAN_POINT('Origin',(42.0319007045044,18.1054386591817,33.9168660416865));
#3839=CARTESIAN_POINT('',(42.0319007045044,18.1054386591817,33.9168660416865));
#3840=CARTESIAN_POINT('',(42.0319007045044,18.1054386591817,46.9168660416865));
#3841=CARTESIAN_POINT('Origin',(41.5319007045044,18.1054386591817,46.9168660416865));
#3842=CARTESIAN_POINT('',(41.5319007045044,18.1054386591817,47.4168660416865));
#3843=CARTESIAN_POINT('Origin',(41.5319007045044,18.1054386591817,47.4168660416865));
#3844=CARTESIAN_POINT('',(28.5319007045044,18.1054386591817,47.4168660416865));
#3845=CARTESIAN_POINT('Origin',(28.5319007045044,18.1054386591817,46.9168660416865));
#3846=CARTESIAN_POINT('',(28.0319007045044,18.1054386591817,46.9168660416865));
#3847=CARTESIAN_POINT('Origin',(28.0319007045044,18.1054386591817,46.9168660416865));
#3848=CARTESIAN_POINT('',(28.0319007045044,18.1054386591817,33.9168660416865));
#3849=CARTESIAN_POINT('Origin',(41.5319007045044,18.1054386591817,33.9168660416865));
#3850=CARTESIAN_POINT('',(41.5319007045044,18.1054386591817,33.4168660416865));
#3851=CARTESIAN_POINT('Origin',(28.5319007045044,18.1054386591817,33.4168660416865));
#3852=CARTESIAN_POINT('',(28.5319007045044,18.1054386591817,33.4168660416865));
#3853=CARTESIAN_POINT('Origin',(28.5319007045044,18.1054386591817,33.9168660416865));
#3854=CARTESIAN_POINT('Origin',(61.0819007045044,18.1054386591817,33.9168660416865));
#3855=CARTESIAN_POINT('',(61.0819007045044,18.1054386591817,33.9168660416865));
#3856=CARTESIAN_POINT('',(61.0819007045044,18.1054386591817,46.9168660416865));
#3857=CARTESIAN_POINT('Origin',(60.5819007045044,18.1054386591817,46.9168660416865));
#3858=CARTESIAN_POINT('',(60.5819007045044,18.1054386591817,47.4168660416865));
#3859=CARTESIAN_POINT('Origin',(60.5819007045044,18.1054386591817,47.4168660416865));
#3860=CARTESIAN_POINT('',(47.5819007045044,18.1054386591817,47.4168660416865));
#3861=CARTESIAN_POINT('Origin',(47.5819007045044,18.1054386591817,46.9168660416865));
#3862=CARTESIAN_POINT('',(47.0819007045044,18.1054386591817,46.9168660416865));
#3863=CARTESIAN_POINT('Origin',(47.0819007045044,18.1054386591817,46.9168660416865));
#3864=CARTESIAN_POINT('',(47.0819007045044,18.1054386591817,33.9168660416865));
#3865=CARTESIAN_POINT('Origin',(60.5819007045044,18.1054386591817,33.9168660416865));
#3866=CARTESIAN_POINT('',(60.5819007045044,18.1054386591817,33.4168660416865));
#3867=CARTESIAN_POINT('Origin',(47.5819007045044,18.1054386591817,33.4168660416865));
#3868=CARTESIAN_POINT('',(47.5819007045044,18.1054386591817,33.4168660416865));
#3869=CARTESIAN_POINT('Origin',(47.5819007045044,18.1054386591817,33.9168660416865));
#3870=CARTESIAN_POINT('Origin',(60.5819007045044,18.1054386591817,28.3668660416865));
#3871=CARTESIAN_POINT('',(60.5819007045044,18.1054386591817,28.3668660416865));
#3872=CARTESIAN_POINT('',(47.5819007045044,18.1054386591817,28.3668660416865));
#3873=CARTESIAN_POINT('Origin',(47.5819007045044,18.1054386591817,27.8668660416865));
#3874=CARTESIAN_POINT('',(47.0819007045044,18.1054386591817,27.8668660416865));
#3875=CARTESIAN_POINT('Origin',(47.0819007045044,18.1054386591817,27.8668660416865));
#3876=CARTESIAN_POINT('',(47.0819007045044,18.1054386591816,14.8668660416865));
#3877=CARTESIAN_POINT('Origin',(47.5819007045044,18.1054386591816,14.8668660416865));
#3878=CARTESIAN_POINT('',(47.5819007045044,18.1054386591816,14.3668660416865));
#3879=CARTESIAN_POINT('Origin',(47.5819007045044,18.1054386591816,14.3668660416865));
#3880=CARTESIAN_POINT('',(60.5819007045044,18.1054386591816,14.3668660416865));
#3881=CARTESIAN_POINT('Origin',(60.5819007045044,18.1054386591817,27.8668660416865));
#3882=CARTESIAN_POINT('',(61.0819007045044,18.1054386591817,27.8668660416865));
#3883=CARTESIAN_POINT('Origin',(61.0819007045044,18.1054386591816,14.8668660416865));
#3884=CARTESIAN_POINT('',(61.0819007045044,18.1054386591816,14.8668660416865));
#3885=CARTESIAN_POINT('Origin',(60.5819007045044,18.1054386591816,14.8668660416865));
#3886=CARTESIAN_POINT('Origin',(41.5319007045044,18.1054386591816,14.8668660416865));
#3887=CARTESIAN_POINT('',(41.5319007045044,18.1054386591816,14.3668660416865));
#3888=CARTESIAN_POINT('',(42.0319007045044,18.1054386591816,14.8668660416865));
#3889=CARTESIAN_POINT('Origin',(42.0319007045044,18.1054386591816,14.8668660416865));
#3890=CARTESIAN_POINT('',(42.0319007045044,18.1054386591817,27.8668660416865));
#3891=CARTESIAN_POINT('Origin',(41.5319007045044,18.1054386591817,27.8668660416865));
#3892=CARTESIAN_POINT('',(41.5319007045044,18.1054386591817,28.3668660416865));
#3893=CARTESIAN_POINT('Origin',(41.5319007045044,18.1054386591817,28.3668660416865));
#3894=CARTESIAN_POINT('',(28.5319007045044,18.1054386591817,28.3668660416865));
#3895=CARTESIAN_POINT('Origin',(28.5319007045044,18.1054386591817,27.8668660416865));
#3896=CARTESIAN_POINT('',(28.0319007045044,18.1054386591817,27.8668660416865));
#3897=CARTESIAN_POINT('Origin',(28.5319007045044,18.1054386591816,14.3668660416865));
#3898=CARTESIAN_POINT('',(28.5319007045044,18.1054386591816,14.3668660416865));
#3899=CARTESIAN_POINT('Origin',(28.5319007045044,18.1054386591816,14.8668660416865));
#3900=CARTESIAN_POINT('',(28.0319007045044,18.1054386591816,14.8668660416865));
#3901=CARTESIAN_POINT('Origin',(28.0319007045044,18.1054386591817,27.8668660416865));
#3902=CARTESIAN_POINT('Origin',(22.9819007045044,18.1054386591816,14.8668660416865));
#3903=CARTESIAN_POINT('',(22.9819007045044,18.1054386591816,14.8668660416865));
#3904=CARTESIAN_POINT('',(22.9819007045044,18.1054386591817,27.8668660416865));
#3905=CARTESIAN_POINT('Origin',(22.4819007045044,18.1054386591817,27.8668660416865));
#3906=CARTESIAN_POINT('',(22.4819007045044,18.1054386591817,28.3668660416865));
#3907=CARTESIAN_POINT('Origin',(22.4819007045044,18.1054386591817,28.3668660416865));
#3908=CARTESIAN_POINT('',(9.48190070450437,18.1054386591817,28.3668660416865));
#3909=CARTESIAN_POINT('Origin',(9.48190070450437,18.1054386591817,27.8668660416865));
#3910=CARTESIAN_POINT('',(8.98190070450436,18.1054386591817,27.8668660416865));
#3911=CARTESIAN_POINT('Origin',(8.98190070450436,18.1054386591817,27.8668660416865));
#3912=CARTESIAN_POINT('',(8.98190070450436,18.1054386591816,14.8668660416865));
#3913=CARTESIAN_POINT('Origin',(22.4819007045044,18.1054386591816,14.8668660416865));
#3914=CARTESIAN_POINT('',(22.4819007045044,18.1054386591816,14.3668660416865));
#3915=CARTESIAN_POINT('Origin',(9.48190070450437,18.1054386591816,14.3668660416865));
#3916=CARTESIAN_POINT('',(9.48190070450437,18.1054386591816,14.3668660416865));
#3917=CARTESIAN_POINT('Origin',(9.48190070450437,18.1054386591816,14.8668660416865));
#3918=CARTESIAN_POINT('Origin',(22.9819007045044,18.1054386591816,-4.18313395831352));
#3919=CARTESIAN_POINT('',(22.9819007045044,18.1054386591816,-4.18313395831352));
#3920=CARTESIAN_POINT('',(22.9819007045044,18.1054386591816,8.81686604168648));
#3921=CARTESIAN_POINT('Origin',(22.4819007045044,18.1054386591816,8.81686604168648));
#3922=CARTESIAN_POINT('',(22.4819007045044,18.1054386591816,9.31686604168648));
#3923=CARTESIAN_POINT('Origin',(22.4819007045044,18.1054386591816,9.31686604168648));
#3924=CARTESIAN_POINT('',(9.48190070450437,18.1054386591816,9.31686604168648));
#3925=CARTESIAN_POINT('Origin',(9.48190070450437,18.1054386591816,8.81686604168648));
#3926=CARTESIAN_POINT('',(8.98190070450436,18.1054386591816,8.81686604168648));
#3927=CARTESIAN_POINT('Origin',(8.98190070450436,18.1054386591816,8.81686604168648));
#3928=CARTESIAN_POINT('',(8.98190070450436,18.1054386591816,-4.18313395831352));
#3929=CARTESIAN_POINT('Origin',(22.4819007045044,18.1054386591816,-4.18313395831352));
#3930=CARTESIAN_POINT('',(22.4819007045044,18.1054386591816,-4.68313395831352));
#3931=CARTESIAN_POINT('Origin',(9.48190070450437,18.1054386591816,-4.68313395831352));
#3932=CARTESIAN_POINT('',(9.48190070450437,18.1054386591816,-4.68313395831352));
#3933=CARTESIAN_POINT('Origin',(9.48190070450437,18.1054386591816,-4.18313395831352));
#3934=UNCERTAINTY_MEASURE_WITH_UNIT(LENGTH_MEASURE(0.01),#3938,
'DISTANCE_ACCURACY_VALUE',
'Maximum model space distance between geometric entities at asserted c
onnectivities');
#3935=UNCERTAINTY_MEASURE_WITH_UNIT(LENGTH_MEASURE(0.01),#3938,
'DISTANCE_ACCURACY_VALUE',
'Maximum model space distance between geometric entities at asserted c
onnectivities');
#3936=(
GEOMETRIC_REPRESENTATION_CONTEXT(3)
GLOBAL_UNCERTAINTY_ASSIGNED_CONTEXT((#3934))
GLOBAL_UNIT_ASSIGNED_CONTEXT((#3938,#3939,#3940))
REPRESENTATION_CONTEXT('','3D')
);
#3937=(
GEOMETRIC_REPRESENTATION_CONTEXT(3)
GLOBAL_UNCERTAINTY_ASSIGNED_CONTEXT((#3935))
GLOBAL_UNIT_ASSIGNED_CONTEXT((#3938,#3939,#3940))
REPRESENTATION_CONTEXT('','3D')
);
#3938=(
LENGTH_UNIT()
NAMED_UNIT(*)
SI_UNIT(.MILLI.,.METRE.)
);
#3939=(
NAMED_UNIT(*)
PLANE_ANGLE_UNIT()
SI_UNIT($,.RADIAN.)
);
#3940=(
NAMED_UNIT(*)
SI_UNIT($,.STERADIAN.)
SOLID_ANGLE_UNIT()
);
#3941=SHAPE_DEFINITION_REPRESENTATION(#3942,#3943);
#3942=PRODUCT_DEFINITION_SHAPE('',$,#3945);
#3943=SHAPE_REPRESENTATION('',(#2334),#3936);
#3944=PRODUCT_DEFINITION_CONTEXT('part definition',#3949,'design');
#3945=PRODUCT_DEFINITION('2026-07-16-01-10-28-554','macropad',#3946,#3944);
#3946=PRODUCT_DEFINITION_FORMATION('',$,#3951);
#3947=PRODUCT_RELATED_PRODUCT_CATEGORY('macropad','macropad',(#3951));
#3948=APPLICATION_PROTOCOL_DEFINITION('international standard',
'automotive_design',2009,#3949);
#3949=APPLICATION_CONTEXT(
'Core Data for Automotive Mechanical Design Process');
#3950=PRODUCT_CONTEXT('part definition',#3949,'mechanical');
#3951=PRODUCT('2026-07-16-01-10-28-554','macropad',$,(#3950));
#3952=PRESENTATION_STYLE_ASSIGNMENT((#3954));
#3953=PRESENTATION_STYLE_ASSIGNMENT((#3955));
#3954=SURFACE_STYLE_USAGE(.BOTH.,#3956);
#3955=SURFACE_STYLE_USAGE(.BOTH.,#3957);
#3956=SURFACE_SIDE_STYLE('',(#3958));
#3957=SURFACE_SIDE_STYLE('',(#3959));
#3958=SURFACE_STYLE_FILL_AREA(#3960);
#3959=SURFACE_STYLE_FILL_AREA(#3961);
#3960=FILL_AREA_STYLE('Steel - Satin',(#3962));
#3961=FILL_AREA_STYLE('Paint - Enamel Glossy (White)',(#3963));
#3962=FILL_AREA_STYLE_COLOUR('Steel - Satin',#3964);
#3963=FILL_AREA_STYLE_COLOUR('Paint - Enamel Glossy (White)',#3965);
#3964=COLOUR_RGB('Steel - Satin',0.627450980392157,0.627450980392157,0.627450980392157);
#3965=COLOUR_RGB('Paint - Enamel Glossy (White)',0.964705882352941,0.964705882352941,
0.952941176470588);
ENDSEC;
END-ISO-10303-21;
